Workbook

Sheet artifratio
A1: sample | B1: i1 | C1: i2 | D1: i3 | E1: i4 | F1: xbars | G1: ybars | H1: bhat | I1: tSRS | J1: thatr | K1: xbars | L1: ybars | M1: bhat_com | N1: tSRS_com | O1: thatr_com
A2: 1 | B2: 1 | C2: 2 | D2: 3 | E2: 4 | F2: 5 | G2: 2.75 | H2: 0.55 | I2: 22 | J2: 25.85 | K2: =(VLOOKUP(B2,'sampling distribution'!$A$1:$C$9,2,FALSE)+VLOOKUP(C2,'sampling distribution'!$A$1:$C$9,2,FALSE)+VLOOKUP(D2,'sampling distribution'!$A$1:$C$9,2,FALSE)+VLOOKUP(E2,'sampling distribution'!$A$1:$C$9,2,FALSE))/4 -> 5 | L2: =(VLOOKUP(B2,'sampling distribution'!$A$1:$C$9,3,FALSE)+VLOOKUP(C2,'sampling distribution'!$A$1:$C$9,3,FALSE)+VLOOKUP(D2,'sampling distribution'!$A$1:$C$9,3,FALSE)+VLOOKUP(E2,'sampling distribution'!$A$1:$C$9,3,FALSE))/4 -> 2.75 | M2: =L2/K2 -> 0.55 | N2: =(VLOOKUP(B2,'sampling distribution'!$A$1:$C$9,3,FALSE)+VLOOKUP(C2,'sampling distribution'!$A$1:$C$9,3,FALSE)+VLOOKUP(D2,'sampling distribution'!$A$1:$C$9,3,FALSE)+VLOOKUP(E2,'sampling distribution'!$A$1:$C$9,3,FALSE))*2 -> 22 | O2: =M2*SUM('sampling distribution'!$B$2:$B$9) -> 25.85
A3: 2 | B3: 1 | C3: 2 | D3: 3 | E3: 5 | F3: 5.5 | G3: 3.5 | H3: 0.6363636 | I3: 28 | J3: 29.90909 | K3: =(VLOOKUP(B3,'sampling distribution'!$A$1:$C$9,2,FALSE)+VLOOKUP(C3,'sampling distribution'!$A$1:$C$9,2,FALSE)+VLOOKUP(D3,'sampling distribution'!$A$1:$C$9,2,FALSE)+VLOOKUP(E3,'sampling distribution'!$A$1:$C$9,2,FALSE))/4 -> 5.5 | L3: =(VLOOKUP(B3,'sampling distribution'!$A$1:$C$9,3,FALSE)+VLOOKUP(C3,'sampling distribution'!$A$1:$C$9,3,FALSE)+VLOOKUP(D3,'sampling distribution'!$A$1:$C$9,3,FALSE)+VLOOKUP(E3,'sampling distribution'!$A$1:$C$9,3,FALSE))/4 -> 3.5 | M3: =L3/K3 -> 0.63636364 | N3: =(VLOOKUP(B3,'sampling distribution'!$A$1:$C$9,3,FALSE)+VLOOKUP(C3,'sampling distribution'!$A$1:$C$9,3,FALSE)+VLOOKUP(D3,'sampling distribution'!$A$1:$C$9,3,FALSE)+VLOOKUP(E3,'sampling distribution'!$A$1:$C$9,3,FALSE))*2 -> 28 | O3: =M3*SUM('sampling distribution'!$B$2:$B$9) -> 29.909091
A4: 3 | B4: 1 | C4: 2 | D4: 3 | E4: 6 | F4: 5.25 | G4: 3.5 | H4: 0.6666667 | I4: 28 | J4: 31.33333 | K4: =(VLOOKUP(B4,'sampling distribution'!$A$1:$C$9,2,FALSE)+VLOOKUP(C4,'sampling distribution'!$A$1:$C$9,2,FALSE)+VLOOKUP(D4,'sampling distribution'!$A$1:$C$9,2,FALSE)+VLOOKUP(E4,'sampling distribution'!$A$1:$C$9,2,FALSE))/4 -> 5.25 | L4: =(VLOOKUP(B4,'sampling distribution'!$A$1:$C$9,3,FALSE)+VLOOKUP(C4,'sampling distribution'!$A$1:$C$9,3,FALSE)+VLOOKUP(D4,'sampling distribution'!$A$1:$C$9,3,FALSE)+VLOOKUP(E4,'sampling distribution'!$A$1:$C$9,3,FALSE))/4 -> 3.5 | M4: =L4/K4 -> 0.66666667 | N4: =(VLOOKUP(B4,'sampling distribution'!$A$1:$C$9,3,FALSE)+VLOOKUP(C4,'sampling distribution'!$A$1:$C$9,3,FALSE)+VLOOKUP(D4,'sampling distribution'!$A$1:$C$9,3,FALSE)+VLOOKUP(E4,'sampling distribution'!$A$1:$C$9,3,FALSE))*2 -> 28 | O4: =M4*SUM('sampling distribution'!$B$2:$B$9) -> 31.333333
A5: 4 | B5: 1 | C5: 2 | D5: 3 | E5: 7 | F5: 5.25 | G5: 3.5 | H5: 0.6666667 | I5: 28 | J5: 31.33333 | K5: =(VLOOKUP(B5,'sampling distribution'!$A$1:$C$9,2,FALSE)+VLOOKUP(C5,'sampling distribution'!$A$1:$C$9,2,FALSE)+VLOOKUP(D5,'sampling distribution'!$A$1:$C$9,2,FALSE)+VLOOKUP(E5,'sampling distribution'!$A$1:$C$9,2,FALSE))/4 -> 5.25 | L5: =(VLOOKUP(B5,'sampling distribution'!$A$1:$C$9,3,FALSE)+VLOOKUP(C5,'sampling distribution'!$A$1:$C$9,3,FALSE)+VLOOKUP(D5,'sampling distribution'!$A$1:$C$9,3,FALSE)+VLOOKUP(E5,'sampling distribution'!$A$1:$C$9,3,FALSE))/4 -> 3.5 | M5: =L5/K5 -> 0.66666667 | N5: =(VLOOKUP(B5,'sampling distribution'!$A$1:$C$9,3,FALSE)+VLOOKUP(C5,'sampling distribution'!$A$1:$C$9,3,FALSE)+VLOOKUP(D5,'sampling distribution'!$A$1:$C$9,3,FALSE)+VLOOKUP(E5,'sampling distribution'!$A$1:$C$9,3,FALSE))*2 -> 28 | O5: =M5*SUM('sampling distribution'!$B$2:$B$9) -> 31.333333
A6: 5 | B6: 1 | C6: 2 | D6: 3 | E6: 8 | F6: 4.75 | G6: 3.75 | H6: 0.7894737 | I6: 30 | J6: 37.10526 | K6: =(VLOOKUP(B6,'sampling distribution'!$A$1:$C$9,2,FALSE)+VLOOKUP(C6,'sampling distribution'!$A$1:$C$9,2,FALSE)+VLOOKUP(D6,'sampling distribution'!$A$1:$C$9,2,FALSE)+VLOOKUP(E6,'sampling distribution'!$A$1:$C$9,2,FALSE))/4 -> 4.75 | L6: =(VLOOKUP(B6,'sampling distribution'!$A$1:$C$9,3,FALSE)+VLOOKUP(C6,'sampling distribution'!$A$1:$C$9,3,FALSE)+VLOOKUP(D6,'sampling distribution'!$A$1:$C$9,3,FALSE)+VLOOKUP(E6,'sampling distribution'!$A$1:$C$9,3,FALSE))/4 -> 3.75 | M6: =L6/K6 -> 0.78947368 | N6: =(VLOOKUP(B6,'sampling distribution'!$A$1:$C$9,3,FALSE)+VLOOKUP(C6,'sampling distribution'!$A$1:$C$9,3,FALSE)+VLOOKUP(D6,'sampling distribution'!$A$1:$C$9,3,FALSE)+VLOOKUP(E6,'sampling distribution'!$A$1:$C$9,3,FALSE))*2 -> 30 | O6: =M6*SUM('sampling distribution'!$B$2:$B$9) -> 37.105263
A7: 6 | B7: 1 | C7: 2 | D7: 4 | E7: 5 | F7: 5.75 | G7: 3.5 | H7: 0.6086957 | I7: 28 | J7: 28.6087 | K7: =(VLOOKUP(B7,'sampling distribution'!$A$1:$C$9,2,FALSE)+VLOOKUP(C7,'sampling distribution'!$A$1:$C$9,2,FALSE)+VLOOKUP(D7,'sampling distribution'!$A$1:$C$9,2,FALSE)+VLOOKUP(E7,'sampling distribution'!$A$1:$C$9,2,FALSE))/4 -> 5.75 | L7: =(VLOOKUP(B7,'sampling distribution'!$A$1:$C$9,3,FALSE)+VLOOKUP(C7,'sampling distribution'!$A$1:$C$9,3,FALSE)+VLOOKUP(D7,'sampling distribution'!$A$1:$C$9,3,FALSE)+VLOOKUP(E7,'sampling distribution'!$A$1:$C$9,3,FALSE))/4 -> 3.5 | M7: =L7/K7 -> 0.60869565 | N7: =(VLOOKUP(B7,'sampling distribution'!$A$1:$C$9,3,FALSE)+VLOOKUP(C7,'sampling distribution'!$A$1:$C$9,3,FALSE)+VLOOKUP(D7,'sampling distribution'!$A$1:$C$9,3,FALSE)+VLOOKUP(E7,'sampling distribution'!$A$1:$C$9,3,FALSE))*2 -> 28 | O7: =M7*SUM('sampling distribution'!$B$2:$B$9) -> 28.608696
A8: 7 | B8: 1 | C8: 2 | D8: 4 | E8: 6 | F8: 5.5 | G8: 3.5 | H8: 0.6363636 | I8: 28 | J8: 29.90909 | K8: =(VLOOKUP(B8,'sampling distribution'!$A$1:$C$9,2,FALSE)+VLOOKUP(C8,'sampling distribution'!$A$1:$C$9,2,FALSE)+VLOOKUP(D8,'sampling distribution'!$A$1:$C$9,2,FALSE)+VLOOKUP(E8,'sampling distribution'!$A$1:$C$9,2,FALSE))/4 -> 5.5 | L8: =(VLOOKUP(B8,'sampling distribution'!$A$1:$C$9,3,FALSE)+VLOOKUP(C8,'sampling distribution'!$A$1:$C$9,3,FALSE)+VLOOKUP(D8,'sampling distribution'!$A$1:$C$9,3,FALSE)+VLOOKUP(E8,'sampling distribution'!$A$1:$C$9,3,FALSE))/4 -> 3.5 | M8: =L8/K8 -> 0.63636364 | N8: =(VLOOKUP(B8,'sampling distribution'!$A$1:$C$9,3,FALSE)+VLOOKUP(C8,'sampling distribution'!$A$1:$C$9,3,FALSE)+VLOOKUP(D8,'sampling distribution'!$A$1:$C$9,3,FALSE)+VLOOKUP(E8,'sampling distribution'!$A$1:$C$9,3,FALSE))*2 -> 28 | O8: =M8*SUM('sampling distribution'!$B$2:$B$9) -> 29.909091
A9: 8 | B9: 1 | C9: 2 | D9: 4 | E9: 7 | F9: 5.5 | G9: 3.5 | H9: 0.6363636 | I9: 28 | J9: 29.90909 | K9: =(VLOOKUP(B9,'sampling distribution'!$A$1:$C$9,2,FALSE)+VLOOKUP(C9,'sampling distribution'!$A$1:$C$9,2,FALSE)+VLOOKUP(D9,'sampling distribution'!$A$1:$C$9,2,FALSE)+VLOOKUP(E9,'sampling distribution'!$A$1:$C$9,2,FALSE))/4 -> 5.5 | L9: =(VLOOKUP(B9,'sampling distribution'!$A$1:$C$9,3,FALSE)+VLOOKUP(C9,'sampling distribution'!$A$1:$C$9,3,FALSE)+VLOOKUP(D9,'sampling distribution'!$A$1:$C$9,3,FALSE)+VLOOKUP(E9,'sampling distribution'!$A$1:$C$9,3,FALSE))/4 -> 3.5 | M9: =L9/K9 -> 0.63636364 | N9: =(VLOOKUP(B9,'sampling distribution'!$A$1:$C$9,3,FALSE)+VLOOKUP(C9,'sampling distribution'!$A$1:$C$9,3,FALSE)+VLOOKUP(D9,'sampling distribution'!$A$1:$C$9,3,FALSE)+VLOOKUP(E9,'sampling distribution'!$A$1:$C$9,3,FALSE))*2 -> 28 | O9: =M9*SUM('sampling distribution'!$B$2:$B$9) -> 29.909091
A10: 9 | B10: 1 | C10: 2 | D10: 4 | E10: 8 | F10: 5 | G10: 3.75 | H10: 0.75 | I10: 30 | J10: 35.25 | K10: =(VLOOKUP(B10,'sampling distribution'!$A$1:$C$9,2,FALSE)+VLOOKUP(C10,'sampling distribution'!$A$1:$C$9,2,FALSE)+VLOOKUP(D10,'sampling distribution'!$A$1:$C$9,2,FALSE)+VLOOKUP(E10,'sampling distribution'!$A$1:$C$9,2,FALSE))/4 -> 5 | L10: =(VLOOKUP(B10,'sampling distribution'!$A$1:$C$9,3,FALSE)+VLOOKUP(C10,'sampling distribution'!$A$1:$C$9,3,FALSE)+VLOOKUP(D10,'sampling distribution'!$A$1:$C$9,3,FALSE)+VLOOKUP(E10,'sampling distribution'!$A$1:$C$9,3,FALSE))/4 -> 3.75 | M10: =L10/K10 -> 0.75 | N10: =(VLOOKUP(B10,'sampling distribution'!$A$1:$C$9,3,FALSE)+VLOOKUP(C10,'sampling distribution'!$A$1:$C$9,3,FALSE)+VLOOKUP(D10,'sampling distribution'!$A$1:$C$9,3,FALSE)+VLOOKUP(E10,'sampling distribution'!$A$1:$C$9,3,FALSE))*2 -> 30 | O10: =M10*SUM('sampling distribution'!$B$2:$B$9) -> 35.25
A11: 10 | B11: 1 | C11: 2 | D11: 5 | E11: 6 | F11: 6 | G11: 4.25 | H11: 0.7083333 | I11: 34 | J11: 33.29167 | K11: =(VLOOKUP(B11,'sampling distribution'!$A$1:$C$9,2,FALSE)+VLOOKUP(C11,'sampling distribution'!$A$1:$C$9,2,FALSE)+VLOOKUP(D11,'sampling distribution'!$A$1:$C$9,2,FALSE)+VLOOKUP(E11,'sampling distribution'!$A$1:$C$9,2,FALSE))/4 -> 6 | L11: =(VLOOKUP(B11,'sampling distribution'!$A$1:$C$9,3,FALSE)+VLOOKUP(C11,'sampling distribution'!$A$1:$C$9,3,FALSE)+VLOOKUP(D11,'sampling distribution'!$A$1:$C$9,3,FALSE)+VLOOKUP(E11,'sampling distribution'!$A$1:$C$9,3,FALSE))/4 -> 4.25 | M11: =L11/K11 -> 0.70833333 | N11: =(VLOOKUP(B11,'sampling distribution'!$A$1:$C$9,3,FALSE)+VLOOKUP(C11,'sampling distribution'!$A$1:$C$9,3,FALSE)+VLOOKUP(D11,'sampling distribution'!$A$1:$C$9,3,FALSE)+VLOOKUP(E11,'sampling distribution'!$A$1:$C$9,3,FALSE))*2 -> 34 | O11: =M11*SUM('sampling distribution'!$B$2:$B$9) -> 33.291667
A12: 11 | B12: 1 | C12: 2 | D12: 5 | E12: 7 | F12: 6 | G12: 4.25 | H12: 0.7083333 | I12: 34 | J12: 33.29167 | K12: =(VLOOKUP(B12,'sampling distribution'!$A$1:$C$9,2,FALSE)+VLOOKUP(C12,'sampling distribution'!$A$1:$C$9,2,FALSE)+VLOOKUP(D12,'sampling distribution'!$A$1:$C$9,2,FALSE)+VLOOKUP(E12,'sampling distribution'!$A$1:$C$9,2,FALSE))/4 -> 6 | L12: =(VLOOKUP(B12,'sampling distribution'!$A$1:$C$9,3,FALSE)+VLOOKUP(C12,'sampling distribution'!$A$1:$C$9,3,FALSE)+VLOOKUP(D12,'sampling distribution'!$A$1:$C$9,3,FALSE)+VLOOKUP(E12,'sampling distribution'!$A$1:$C$9,3,FALSE))/4 -> 4.25 | M12: =L12/K12 -> 0.70833333 | N12: =(VLOOKUP(B12,'sampling distribution'!$A$1:$C$9,3,FALSE)+VLOOKUP(C12,'sampling distribution'!$A$1:$C$9,3,FALSE)+VLOOKUP(D12,'sampling distribution'!$A$1:$C$9,3,FALSE)+VLOOKUP(E12,'sampling distribution'!$A$1:$C$9,3,FALSE))*2 -> 34 | O12: =M12*SUM('sampling distribution'!$B$2:$B$9) -> 33.291667
A13: 12 | B13: 1 | C13: 2 | D13: 5 | E13: 8 | F13: 5.5 | G13: 4.5 | H13: 0.8181818 | I13: 36 | J13: 38.45455 | K13: =(VLOOKUP(B13,'sampling distribution'!$A$1:$C$9,2,FALSE)+VLOOKUP(C13,'sampling distribution'!$A$1:$C$9,2,FALSE)+VLOOKUP(D13,'sampling distribution'!$A$1:$C$9,2,FALSE)+VLOOKUP(E13,'sampling distribution'!$A$1:$C$9,2,FALSE))/4 -> 5.5 | L13: =(VLOOKUP(B13,'sampling distribution'!$A$1:$C$9,3,FALSE)+VLOOKUP(C13,'sampling distribution'!$A$1:$C$9,3,FALSE)+VLOOKUP(D13,'sampling distribution'!$A$1:$C$9,3,FALSE)+VLOOKUP(E13,'sampling distribution'!$A$1:$C$9,3,FALSE))/4 -> 4.5 | M13: =L13/K13 -> 0.81818182 | N13: =(VLOOKUP(B13,'sampling distribution'!$A$1:$C$9,3,FALSE)+VLOOKUP(C13,'sampling distribution'!$A$1:$C$9,3,FALSE)+VLOOKUP(D13,'sampling distribution'!$A$1:$C$9,3,FALSE)+VLOOKUP(E13,'sampling distribution'!$A$1:$C$9,3,FALSE))*2 -> 36 | O13: =M13*SUM('sampling distribution'!$B$2:$B$9) -> 38.454545
... A70: 69 | B70: 4 | C70: 6 | D70: 7 | E70: 8 | F70: 6.25 | G70: 6.5 | H70: 1.04 | I70: 52 | J70: 48.88 | K70: =(VLOOKUP(B70,'sampling distribution'!$A$1:$C$9,2,FALSE)+VLOOKUP(C70,'sampling distribution'!$A$1:$C$9,2,FALSE)+VLOOKUP(D70,'sampling distribution'!$A$1:$C$9,2,FALSE)+VLOOKUP(E70,'sampling distribution'!$A$1:$C$9,2,FALSE))/4 -> 6.25 | L70: =(VLOOKUP(B70,'sampling distribution'!$A$1:$C$9,3,FALSE)+VLOOKUP(C70,'sampling distribution'!$A$1:$C$9,3,FALSE)+VLOOKUP(D70,'sampling distribution'!$A$1:$C$9,3,FALSE)+VLOOKUP(E70,'sampling distribution'!$A$1:$C$9,3,FALSE))/4 -> 6.5 | M70: =L70/K70 -> 1.04 | N70: =(VLOOKUP(B70,'sampling distribution'!$A$1:$C$9,3,FALSE)+VLOOKUP(C70,'sampling distribution'!$A$1:$C$9,3,FALSE)+VLOOKUP(D70,'sampling distribution'!$A$1:$C$9,3,FALSE)+VLOOKUP(E70,'sampling distribution'!$A$1:$C$9,3,FALSE))*2 -> 52 | O70: =M70*SUM('sampling distribution'!$B$2:$B$9) -> 48.88
A71: 70 | B71: 5 | C71: 6 | D71: 7 | E71: 8 | F71: 6.75 | G71: 7.25 | H71: 1.0740741 | I71: 58 | J71: 50.48148 | K71: =(VLOOKUP(B71,'sampling distribution'!$A$1:$C$9,2,FALSE)+VLOOKUP(C71,'sampling distribution'!$A$1:$C$9,2,FALSE)+VLOOKUP(D71,'sampling distribution'!$A$1:$C$9,2,FALSE)+VLOOKUP(E71,'sampling distribution'!$A$1:$C$9,2,FALSE))/4 -> 6.75 | L71: =(VLOOKUP(B71,'sampling distribution'!$A$1:$C$9,3,FALSE)+VLOOKUP(C71,'sampling distribution'!$A$1:$C$9,3,FALSE)+VLOOKUP(D71,'sampling distribution'!$A$1:$C$9,3,FALSE)+VLOOKUP(E71,'sampling distribution'!$A$1:$C$9,3,FALSE))/4 -> 7.25 | M71: =L71/K71 -> 1.0740741 | N71: =(VLOOKUP(B71,'sampling distribution'!$A$1:$C$9,3,FALSE)+VLOOKUP(C71,'sampling distribution'!$A$1:$C$9,3,FALSE)+VLOOKUP(D71,'sampling distribution'!$A$1:$C$9,3,FALSE)+VLOOKUP(E71,'sampling distribution'!$A$1:$C$9,3,FALSE))*2 -> 58
A73: average | F73: 5.875 | G73: 5 | H73: 0.84788571 | I73: 40 | J73: 39.850628

Sheet sampling distribution
B1: x | C1: y
A2: 1 | B2: 4 | C2: 1
A3: 2 | B3: 5 | C3: 2
A4: 3 | B4: 5 | C4: 4
A5: 4 | B5: 6 | C5: 4
A6: 5 | B6: 8 | C6: 7
A7: 6 | B7: 7 | C7: 7
A8: 7 | B8: 7 | C8: 7
A9: 8 | B9: 5 | C9: 8
