Workbook

Sheet SurveyRpt_20150223 (1)
A1: NOTE: All summary and statistic calculations in this report are based on total number of responses to this survey.
A2: Individual question responses are not considered in these calculations.
A4: Survey: | B4: MQ Survey Q1 2015 | J4: Responses
A5: Section 1: | J5: Possible | K5: Total | L5: Average
A6: Question 1: | B6: 1. I agree with the benchmarks set for me on my team’s performance board? | J6: 1 | K6: 566 | L6: 0.8
A7: Question 2: | B7: 2. The standard claim processes / job aids clarify what is expected of me? | J7: 1 | K7: 553 | L7: 0.8
A8: Question 3: | B8: 3. The team structure and work processes support the standards expected of me? | J8: 1 | K8: 502 | L8: 0.7
A9: Question 4: | B9: 4. The performance measures motivate me to engage in an efficient recovery process? | J9: 1 | K9: 496 | L9: 0.7
A10: Question 5: | B10: 5. The behaviors of the supervisors and managers are consistent with their communication? | J10: 1 | K10: 560 | L10: 0.8
A11: Question 6: | B11: 6. My peers display a mentality that drives cooperation? | J11: 1 | K11: 581 | L11: 0.8
A12: Question 7: | B12: 7. The supervisors and managers provide recognition for improvement/high performance that is meaningful to me? | J12: 1 | K12: 479 | L12: 0.7
A13: Question 8: | B13: 8. The supervisors and managers promote the department’s vision? | J13: 1 | K13: 549 | L13: 0.8
A14: Question 9: | B14: 9. The objectives of the department are clearly defined? | J14: 1 | K14: 546 | L14: 0.8
A15: Question 10: | B15: 10. I am familiar with the vision for the department? | J15: 1 | K15: 585 | L15: 0.8
A16: Question 11: | B16: 11. I understand my role in delivering on the vision of the department? | J16: 1 | K16: 600 | L16: 0.9
A17: Question 12: | B17: 12. I play a meaningful role in the success of the company? | J17: 1 | K17: 637 | L17: 0.9
... A21: Question 16: | B21: 16. The training methods are effective in building new skills? | J21: 1 | K21: 451 | L21: 0.6
I23: Total Scores: | J23: 16 | K23: 8706 | L23: 12.5 | M23: 11216
A25: Survey Statistics
A26: Total Invitations | C26: 1467
A27: Invited Responses | C27: 697
A28: Response Rate | C28: 0.47
A29: Percent Positive | C29: 1
A30: Percent Follow Up | C30: 0
A31: Report Start Date | C31: 01/01/2015
A32: Report End Date | C32: 01/31/2015
A34: Email Address | B34: Date Requested | C34: Work Order | D34: Date Responded | E34: Result | F34: Total Score | G34: Followup | H34: Q1 Answer | I34: Q1 Score | J34: Q2 Answer | K34: Q2 Score | L34: Q3 Answer | M34: Q3 Score | N34: Q4 Answer | O34: Q4 Score | P34: Q5 Answer | Q34: Q5 Score | R34: Q6 Answer | S34: Q6 Score | T34: Q7 Answer | U34: Q7 Score | V34: Q8 Answer | W34: Q8 Score | X34: Q9 Answer | Y34: Q9 Score | Z34: Q10 Answer | AA34: Q10 Score | AB34: Q11 Answer | AC34: Q11 Score | AD34: Q12 Answer | AE34: Q12 Score | AF34: Q13 Answer | AG34: Q13 Score | AH34: Q14 Answer | AI34: Q14 Score | AJ34: Q15 Answer | AK34: Q15 Score | AL34: Q16 Answer | AM34: Q16 Score | AN34: Section 1 Total
A35: NKICCHANNAGA@csc.com | B35: 42033.65 | C35: 0 | D35: 42033.653 | E35: Pos | F35: 8 | G35: No | H35: Yes | I35: 1 | J35: Yes | K35: 1 | L35: No | M35: 0 | N35: No | O35: 0 | P35: No | Q35: 0 | R35: No | S35: 0 | T35: No | U35: 0 | V35: Yes | W35: 1 | X35: No | Y35: 0 | Z35: Yes | AA35: 1 | AB35: Yes | AC35: 1 | AD35: Yes | AE35: 1 | AF35: Yes | AG35: 1 | AH35: No | AI35: 0 | AJ35: Yes | AK35: 1 | AL35: No | AM35: 0 | AN35: 8
A36: LMOLLURU2@CSC.COM | B36: 42033.652 | C36: 0 | D36: 42033.66 | E36: Pos | F36: 13 | G36: No | H36: Yes | I36: 1 | J36: Yes | K36: 1 | L36: Yes | M36: 1 | N36: Yes | O36: 1 | P36: Yes | Q36: 1 | R36: Yes | S36: 1 | T36: Yes | U36: 1 | V36: Yes | W36: 1 | X36: No | Y36: 0 | Z36: Yes | AA36: 1 | AB36: Yes | AC36: 1 | AD36: Yes | AE36: 1 | AF36: No | AG36: 0 | AH36: No | AI36: 0 | AJ36: Yes | AK36: 1 | AL36: Yes | AM36: 1 | AN36: 13
A37: CGALLEGOS2@csc.com | B37: 42033.661 | C37: 0 | D37: 42033.662 | E37: Pos | F37: 9 | G37: No | H37: Yes | I37: 1 | J37: No | K37: 0 | L37: No | M37: 0 | N37: No | O37: 0 | P37: Yes | Q37: 1 | R37: Yes | S37: 1 | T37: No | U37: 0 | V37: Yes | W37: 1 | X37: Yes | Y37: 1 | Z37: Yes | AA37: 1 | AB37: Yes | AC37: 1 | AD37: Yes | AE37: 1 | AF37: No | AG37: 0 | AH37: No | AI37: 0 | AJ37: Yes | AK37: 1 | AL37: No | AM37: 0 | AN37: 9
A38: UMONGA@csc.com | B38: 42033.651 | C38: 0 | D38: 42033.665 | E38: Pos | F38: 16 | G38: No | H38: Yes | I38: 1 | J38: Yes | K38: 1 | L38: Yes | M38: 1 | N38: Yes | O38: 1 | P38: Yes | Q38: 1 | R38: Yes | S38: 1 | T38: Yes | U38: 1 | V38: Yes | W38: 1 | X38: Yes | Y38: 1 | Z38: Yes | AA38: 1 | AB38: Yes | AC38: 1 | AD38: Yes | AE38: 1 | AF38: Yes | AG38: 1 | AH38: Yes | AI38: 1 | AJ38: Yes | AK38: 1 | AL38: Yes | AM38: 1 | AN38: 16
A39: NMANOHARI@csc.com | B39: 42033.653 | C39: 0 | D39: 42033.667 | E39: Pos | F39: 16 | G39: No | H39: Yes | I39: 1 | J39: Yes | K39: 1 | L39: Yes | M39: 1 | N39: Yes | O39: 1 | P39: Yes | Q39: 1 | R39: Yes | S39: 1 | T39: Yes | U39: 1 | V39: Yes | W39: 1 | X39: Yes | Y39: 1 | Z39: Yes | AA39: 1 | AB39: Yes | AC39: 1 | AD39: Yes | AE39: 1 | AF39: Yes | AG39: 1 | AH39: Yes | AI39: 1 | AJ39: Yes | AK39: 1 | AL39: Yes | AM39: 1 | AN39: 16
A40: SBHARTI2@csc.com | B40: 42033.651 | C40: 0 | D40: 42033.667 | E40: Pos | F40: 1 | G40: No | H40: No | I40: 0 | J40: No | K40: 0 | L40: No | M40: 0 | N40: No | O40: 0 | P40: No | Q40: 0 | R40: Yes | S40: 1 | T40: No | U40: 0 | V40: No | W40: 0 | X40: No | Y40: 0 | Z40: No | AA40: 0 | AB40: No | AC40: 0 | AD40: No | AE40: 0 | AF40: No | AG40: 0 | AH40: No | AI40: 0 | AJ40: No | AK40: 0 | AL40: No | AM40: 0 | AN40: 1
A41: SAZHAR@csc.com | B41: 42033.65 | C41: 0 | D41: 42033.668 | E41: Pos | F41: 15 | G41: No | H41: Yes | I41: 1 | J41: Yes | K41: 1 | L41: Yes | M41: 1 | N41: Yes | O41: 1 | P41: Yes | Q41: 1 | R41: Yes | S41: 1 | T41: Yes | U41: 1 | V41: Yes | W41: 1 | X41: Yes | Y41: 1 | Z41: Yes | AA41: 1 | AB41: Yes | AC41: 1 | AD41: Yes | AE41: 1 | AF41: Yes | AG41: 1 | AH41: Yes | AI41: 1 | AJ41: No | AK41: 0 | AL41: Yes | AM41: 1 | AN41: 15
A42: NPEDDI3@CSC.COM | B42: 42033.668 | C42: 0 | D42: 42033.676 | E42: Pos | F42: 16 | G42: No | H42: Yes | I42: 1 | J42: Yes | K42: 1 | L42: Yes | M42: 1 | N42: Yes | O42: 1 | P42: Yes | Q42: 1 | R42: Yes | S42: 1 | T42: Yes | U42: 1 | V42: Yes | W42: 1 | X42: Yes | Y42: 1 | Z42: Yes | AA42: 1 | AB42: Yes | AC42: 1 | AD42: Yes | AE42: 1 | AF42: Yes | AG42: 1 | AH42: Yes | AI42: 1 | AJ42: Yes | AK42: 1 | AL42: Yes | AM42: 1 | AN42: 16
A43: SKOTHURU@csc.com | B43: 42033.669 | C43: 0 | D43: 42033.678 | E43: Pos | F43: 16 | G43: No | H43: Yes | I43: 1 | J43: Yes | K43: 1 | L43: Yes | M43: 1 | N43: Yes | O43: 1 | P43: Yes | Q43: 1 | R43: Yes | S43: 1 | T43: Yes | U43: 1 | V43: Yes | W43: 1 | X43: Yes | Y43: 1 | Z43: Yes | AA43: 1 | AB43: Yes | AC43: 1 | AD43: Yes | AE43: 1 | AF43: Yes | AG43: 1 | AH43: Yes | AI43: 1 | AJ43: Yes | AK43: 1 | AL43: Yes | AM43: 1 | AN43: 16
A44: RVOJJALA@CSC.COM | B44: 42033.667 | C44: 0 | D44: 42033.68 | E44: Pos | F44: 16 | G44: No | H44: Yes | I44: 1 | J44: Yes | K44: 1 | L44: Yes | M44: 1 | N44: Yes | O44: 1 | P44: Yes | Q44: 1 | R44: Yes | S44: 1 | T44: Yes | U44: 1 | V44: Yes | W44: 1 | X44: Yes | Y44: 1 | Z44: Yes | AA44: 1 | AB44: Yes | AC44: 1 | AD44: Yes | AE44: 1 | AF44: Yes | AG44: 1 | AH44: Yes | AI44: 1 | AJ44: Yes | AK44: 1 | AL44: Yes | AM44: 1 | AN44: 16
A45: NASHOKKUMARS@csc.com | B45: 42033.668 | C45: 0 | D45: 42033.68 | E45: Pos | F45: 10 | G45: No | H45: Yes | I45: 1 | J45: No | K45: 0 | L45: No | M45: 0 | N45: No | O45: 0 | P45: Yes | Q45: 1 | R45: Yes | S45: 1 | T45: No | U45: 0 | V45: Yes | W45: 1 | X45: No | Y45: 0 | Z45: Yes | AA45: 1 | AB45: Yes | AC45: 1 | AD45: Yes | AE45: 1 | AF45: Yes | AG45: 1 | AH45: Yes | AI45: 1 | AJ45: Yes | AK45: 1 | AL45: No | AM45: 0 | AN45: 10
A46: KSIDDIQUI5@csc.com | B46: 42033.651 | C46: 0 | D46: 42033.683 | E46: Pos | F46: 15 | G46: No | H46: Yes | I46: 1 | J46: Yes | K46: 1 | L46: Yes | M46: 1 | N46: No | O46: 0 | P46: Yes | Q46: 1 | R46: Yes | S46: 1 | T46: Yes | U46: 1 | V46: Yes | W46: 1 | X46: Yes | Y46: 1 | Z46: Yes | AA46: 1 | AB46: Yes | AC46: 1 | AD46: Yes | AE46: 1 | AF46: Yes | AG46: 1 | AH46: Yes | AI46: 1 | AJ46: Yes | AK46: 1 | AL46: Yes | AM46: 1 | AN46: 15
... A735: VBHARDWAJ3@csc.com | B735: 42048.042 | C735: 0 | D735: 42048.11 | E735: Pos | F735: 16 | G735: No | H735: Yes | I735: 1 | J735: Yes | K735: 1 | L735: Yes | M735: 1 | N735: Yes | O735: 1 | P735: Yes | Q735: 1 | R735: Yes | S735: 1 | T735: Yes | U735: 1 | V735: Yes | W735: 1 | X735: Yes | Y735: 1 | Z735: Yes | AA735: 1 | AB735: Yes | AC735: 1 | AD735: Yes | AE735: 1 | AF735: Yes | AG735: 1 | AH735: Yes | AI735: 1 | AJ735: Yes | AK735: 1 | AL735: Yes | AM735: 1 | AN735: 16

Sheet Compiled Agents
A1: Short ID | B1: LOS | C1: Region | D1: Region 2 | E1: Wave | F1: Color | G1: Email ID | H1: Status
A2: acoppola | B2: Pod Manager | C2: MBC US PW1 | D2: =VLOOKUP(C2,Region!A:B,2,FALSE) -> MBC US | E2: Wave2 | F2: POD Manager | G2: acoppola@csc.com | H2: Completed
A3: agarciagomez | B3: Platform | C3: Spain | D3: =VLOOKUP(C3,Region!A:B,2,FALSE) -> Spain | E3: Wave1 | F3: Orange | G3: agarciagomez@csc.com | H3: Not Completed
A4: agupta312 | B4: Workplace | C4: Hyderabad - WP | D4: =VLOOKUP(C4,Region!A:B,2,FALSE) -> Hyderabad | E4: Wave2 | F4: Blue | G4: agupta312@csc.com | H4: Completed
A5: alafuentesua | B5: Platform | C5: Spain | D5: =VLOOKUP(C5,Region!A:B,2,FALSE) -> Spain | E5: Wave1 | F5: Orange | G5: alafuentesua@csc.com | H5: Not Completed
A6: APALANIAPPAN | B6: Platform | C6: Hyderabad - Platform | D6: =VLOOKUP(C6,Region!A:B,2,FALSE) -> Hyderabad | E6: Wave1 | F6: Orange | G6: APALANIAPPAN@csc.com | H6: Completed
A7: aporwal3 | B7: Workplace | C7: Hyderabad - WP | D7: =VLOOKUP(C7,Region!A:B,2,FALSE) -> Hyderabad | E7: Wave2 | F7: Purple | G7: aporwal3@csc.com | H7: Completed
A8: csharma7 | B8: Platform | C8: Noida PF Wave 2 (Kamal Arora) | D8: =VLOOKUP(C8,Region!A:B,2,FALSE) -> Noida | E8: Wave2 | F8: Yellow | G8: csharma7@csc.com | H8: Not Completed
A9: eashokjain | B9: Platform | C9: Hyderabad - Platform | D9: =VLOOKUP(C9,Region!A:B,2,FALSE) -> Hyderabad | E9: Wave1 | F9: Orange | G9: eashokjain@csc.com | H9: Completed
A10: frodriguezg2 | B10: Platform | C10: Spain | D10: =VLOOKUP(C10,Region!A:B,2,FALSE) -> Spain | E10: Wave1 | F10: Orange | G10: frodriguezg2@csc.com | H10: Not Completed
A11: jbisht | B11: Workplace | C11: Hyderabad - WP | D11: =VLOOKUP(C11,Region!A:B,2,FALSE) -> Hyderabad | E11: Wave2 | F11: Purple | G11: jbisht@csc.com | H11: Not Completed
A12: jmartinezbro | B12: Platform | C12: Spain | D12: =VLOOKUP(C12,Region!A:B,2,FALSE) -> Spain | E12: Wave1 | F12: Orange | G12: jmartinezbro@csc.com | H12: Completed
A13: jrubialgomez | B13: Platform | C13: Spain | D13: =VLOOKUP(C13,Region!A:B,2,FALSE) -> Spain | E13: Wave1 | F13: Orange | G13: jrubialgomez@csc.com | H13: Not Completed
... A678: melango | B678: Workplace | C678: Hyderabad - WP | D678: =VLOOKUP(C678,Region!A:B,2,FALSE) -> Hyderabad | E678: Wave2 | F678: Orange | G678: melango@csc.com | H678: Completed
A679: mencabonavaz | B679: Platform | C679: Spain | D679: =VLOOKUP(C679,Region!A:B,2,FALSE) -> Spain | E679: Wave1 | F679: Purple
A680: mencabonavaz | B680: Platform | C680: Spain | D680: =VLOOKUP(C680,Region!A:B,2,FALSE) -> Spain | E680: Wave1 | F680: Orange | G680: mencabonavaz@csc.com | H680: Completed
A681: mfaizan | B681: Workplace | C681: Noida WP POD 1 | D681: =VLOOKUP(C681,Region!A:B,2,FALSE) -> Noida | E681: Wave1 | F681: Blue | G681: mfaizan@csc.com | H681: Completed
A682: mfernandezan | B682: Workplace | C682: Spain | D682: =VLOOKUP(C682,Region!A:B,2,FALSE) -> Spain | E682: Wave1 | F682: Blue | G682: mfernandezan@csc.com | H682: Not Completed
A683: mfidalgomar2 | B683: Workplace | C683: Spain | D683: =VLOOKUP(C683,Region!A:B,2,FALSE) -> Spain | E683: Wave1 | F683: Blue | G683: mfidalgomar2@csc.com | H683: Not Completed
A684: mfontelafuen | B684: Workplace | C684: Spain | D684: =VLOOKUP(C684,Region!A:B,2,FALSE) -> Spain | E684: Wave1 | F684: Purple | G684: mfontelafuen@csc.com | H684: Not Completed
A685: mgagnon3 | B685: Workplace | C685: Spain | D685: =VLOOKUP(C685,Region!A:B,2,FALSE) -> Spain | E685: Wave1 | F685: Yellow | G685: mgagnon3@csc.com | H685: Not Completed
A686: MGANDHI3 | B686: Platform | C686: Noida PF POD 1 | D686: =VLOOKUP(C686,Region!A:B,2,FALSE) -> Noida | E686: Wave1 | F686: Blue | G686: MGANDHI3@csc.com | H686: Completed
A687: mganji3 | B687: Platform | C687: Noida PF Wave 2 (Kamal Arora) | D687: =VLOOKUP(C687,Region!A:B,2,FALSE) -> Noida | E687: Wave2 | F687: Blue | G687: mganji3@csc.com | H687: Not Completed
A688: mgaur | B688: Platform | C688: Noida PF Wave 2 (Kamal Arora) | D688: =VLOOKUP(C688,Region!A:B,2,FALSE) -> Noida | E688: Wave2 | F688: Blue | G688: mgaur@csc.com | H688: Completed
A689: mglanovsky | B689: Platform | C689: MBC US PW1 | D689: =VLOOKUP(C689,Region!A:B,2,FALSE) -> MBC US | E689: Wave2 | F689: Orange | G689: mglanovsky@csc.com | H689: Not Completed
A690: mgonzalez30 | B690: Workplace | C690: MBC US PW1 | D690: =VLOOKUP(C690,Region!A:B,2,FALSE) -> MBC US | E690: Wave2 | F690: Yellow | G690: mgonzalez30@csc.com | H690: Completed
A691: mgupta48 | B691: Platform | C691: Noida POD2 | D691: =VLOOKUP(C691,Region!A:B,2,FALSE) -> Noida | E691: Wave2 | F691: Brown | G691: mgupta48@csc.com | H691: Completed
... A1036: rsadanandan | B1036: Workplace | C1036: Noida WP POD 2 | D1036: =VLOOKUP(C1036,Region!A:B,2,FALSE) -> Noida | E1036: Wave2 | F1036: Purple | G1036: rsadanandan@csc.com | H1036: Completed
A1037: RSAHU9 | B1037: Workplace | C1037: Noida WP POD 2 | D1037: =VLOOKUP(C1037,Region!A:B,2,FALSE) -> Noida | E1037: Wave2 | F1037: Yellow
A1038: rsahu9 | B1038: Workplace | C1038: Noida WP POD 2 | D1038: =VLOOKUP(C1038,Region!A:B,2,FALSE) -> Noida | E1038: Wave2 | F1038: Purple | G1038: rsahu9@csc.com | H1038: Completed
A1039: rsaicharan | B1039: Platform | C1039: Noida PF POD 1 | D1039: =VLOOKUP(C1039,Region!A:B,2,FALSE) -> Noida | E1039: Wave1 | F1039: Yellow | G1039: rsaicharan@csc.com | H1039: Not Completed
A1040: RSAINI8 | B1040: Workplace | C1040: Noida WP POD 1 | D1040: =VLOOKUP(C1040,Region!A:B,2,FALSE) -> Noida | E1040: Wave1 | F1040: Orange | G1040: RSAINI8@csc.com | H1040: Not Completed
A1041: rsainzpando | B1041: Platform | C1041: Spain | D1041: =VLOOKUP(C1041,Region!A:B,2,FALSE) -> Spain | E1041: Wave1 | F1041: Blue | G1041: rsainzpando@csc.com | H1041: Completed
A1042: RSAMPATH5 | B1042: Platform | C1042: Hyderabad - Platform | D1042: =VLOOKUP(C1042,Region!A:B,2,FALSE) -> Hyderabad | E1042: Wave1 | F1042: Blue | G1042: RSAMPATH5@csc.com | H1042: Not Completed
A1043: rsanzperez | B1043: Platform | C1043: Spain | D1043: =VLOOKUP(C1043,Region!A:B,2,FALSE) -> Spain | E1043: Wave1 | F1043: Purple | G1043: rsanzperez@csc.com | H1043: Completed
A1044: RSELVARAJ22 | B1044: Platform | C1044: Noida PF POD 1 | D1044: =VLOOKUP(C1044,Region!A:B,2,FALSE) -> Noida | E1044: Wave1 | F1044: Yellow | G1044: RSELVARAJ22@csc.com | H1044: Completed
A1045: RSETH7 | B1045: Workplace | C1045: Noida WP POD 2 | D1045: =VLOOKUP(C1045,Region!A:B,2,FALSE) -> Noida | E1045: Wave2 | F1045: Purple | G1045: RSETH7@csc.com | H1045: Not Completed
A1046: rsharier | B1046: Platform | C1046: MBC US PW1 | D1046: =VLOOKUP(C1046,Region!A:B,2,FALSE) -> MBC US | E1046: Wave2 | F1046: Orange | G1046: rsharier@csc.com | H1046: Completed
A1047: rsharma225 | B1047: Platform | C1047: Noida POD2 | D1047: =VLOOKUP(C1047,Region!A:B,2,FALSE) -> Noida | E1047: Wave2 | F1047: Yellow | G1047: rsharma225@csc.com | H1047: Not Completed
A1048: rsingaraj | B1048: Workplace | C1048: Hyderabad - WP | D1048: =VLOOKUP(C1048,Region!A:B,2,FALSE) -> Hyderabad | E1048: Wave2 | F1048: Purple | G1048: rsingaraj@csc.com | H1048: Not Completed
A1049: RSINGH262 | B1049: Workplace | C1049: Noida WP POD 1 | D1049: =VLOOKUP(C1049,Region!A:B,2,FALSE) -> Noida | E1049: Wave1 | F1049: Orange | G1049: RSINGH262@csc.com | H1049: Not Completed
... A1252: ssevimli | B1252: Workplace | C1252: MBC US PW1 | D1252: =VLOOKUP(C1252,Region!A:B,2,FALSE) -> MBC US | E1252: Wave2 | F1252: Orange | G1252: ssevimli@csc.com | H1252: Completed
A1253: SSHARMA251 | B1253: Workplace | C1253: Noida WP POD 2 | D1253: =VLOOKUP(C1253,Region!A:B,2,FALSE) -> Noida | E1253: Wave2 | F1253: Purple
A1254: ssharma251 | B1254: Workplace | C1254: Noida WP POD 2 | D1254: =VLOOKUP(C1254,Region!A:B,2,FALSE) -> Noida | E1254: Wave2 | F1254: Orange | G1254: ssharma251@csc.com | H1254: Completed
A1255: ssharma289 | B1255: Workplace | C1255: Noida WP POD 1 | D1255: =VLOOKUP(C1255,Region!A:B,2,FALSE) -> Noida | E1255: Wave1 | F1255: Purple | G1255: ssharma289@csc.com | H1255: Completed
A1256: ssharma303 | B1256: Platform | C1256: Noida POD2 | D1256: =VLOOKUP(C1256,Region!A:B,2,FALSE) -> Noida | E1256: Wave2 | F1256: Orange | G1256: ssharma303@csc.com | H1256: Completed
A1257: SSHARMA304 | B1257: Workplace | C1257: Noida WP POD 1 | D1257: =VLOOKUP(C1257,Region!A:B,2,FALSE) -> Noida | E1257: Wave1 | F1257: Orange | G1257: SSHARMA304@csc.com | H1257: Not Completed
A1258: ssharma327 | B1258: Platform | C1258: Noida PF POD 1 | D1258: =VLOOKUP(C1258,Region!A:B,2,FALSE) -> Noida | E1258: Wave1 | F1258: Yellow | G1258: ssharma327@csc.com | H1258: Not Completed
A1259: SSHARMA334 | B1259: Platform | C1259: Noida PF POD 1 | D1259: =VLOOKUP(C1259,Region!A:B,2,FALSE) -> Noida | E1259: Wave1 | F1259: Yellow | G1259: SSHARMA334@csc.com | H1259: Not Completed
A1260: ssheik2 | B1260: Workplace | C1260: Hyderabad - WP | D1260: =VLOOKUP(C1260,Region!A:B,2,FALSE) -> Hyderabad | E1260: Wave2 | F1260: Yellow | G1260: ssheik2@csc.com | H1260: Completed
A1261: SSHISHODIA | B1261: Workplace | C1261: Noida WP POD 1 | D1261: =VLOOKUP(C1261,Region!A:B,2,FALSE) -> Noida | E1261: Wave1 | F1261: Purple | G1261: SSHISHODIA@csc.com | H1261: Completed
A1262: sshivkumarsh | B1262: Workplace | C1262: Noida WP POD 2 | D1262: =VLOOKUP(C1262,Region!A:B,2,FALSE) -> Noida | E1262: Wave2 | F1262: Yellow | G1262: sshivkumarsh@csc.com | H1262: Completed
A1263: sshukla32 | B1263: Workplace | C1263: Hyderabad - WP | D1263: =VLOOKUP(C1263,Region!A:B,2,FALSE) -> Hyderabad | E1263: Wave2 | F1263: Yellow | G1263: sshukla32@csc.com | H1263: Not Completed
A1264: SSIDDIQUE | B1264: Platform | C1264: Hyderabad - Platform | D1264: =VLOOKUP(C1264,Region!A:B,2,FALSE) -> Hyderabad | E1264: Wave1 | F1264: Purple | G1264: SSIDDIQUE@csc.com | H1264: Not Completed
A1265: ssilvamiguel | B1265: Workplace | C1265: Spain | D1265: =VLOOKUP(C1265,Region!A:B,2,FALSE) -> Spain | E1265: Wave1 | F1265: Blue | G1265: ssilvamiguel@csc.com | H1265: Completed
... A1360: vbhardwaj | B1360: Platform | C1360: Noida POD2 | D1360: =VLOOKUP(C1360,Region!A:B,2,FALSE) -> Noida | E1360: Wave2 | F1360: Brown | G1360: vbhardwaj@csc.com | H1360: Not Completed
A1361: VBHARDWAJ3 | B1361: Platform | C1361: Noida PF Wave 2 (Kamal Arora) | D1361: =VLOOKUP(C1361,Region!A:B,2,FALSE) -> Noida | E1361: Wave2 | F1361: Purple
A1362: vboppidi | B1362: Workplace | C1362: Hyderabad - WP | D1362: =VLOOKUP(C1362,Region!A:B,2,FALSE) -> Hyderabad | E1362: Wave2 | F1362: Purple | G1362: vboppidi@csc.com | H1362: Completed
A1363: VCHELLADURA3 | B1363: Workplace | C1363: Noida WP POD 2 | D1363: =VLOOKUP(C1363,Region!A:B,2,FALSE) -> Noida | E1363: Wave2 | F1363: Orange | G1363: VCHELLADURA3@csc.com | H1363: Not Completed
A1364: VDAMERA4 | B1364: Platform | C1364: Hyderabad - Platform | D1364: =VLOOKUP(C1364,Region!A:B,2,FALSE) -> Hyderabad | E1364: Wave1 | F1364: Orange | G1364: VDAMERA4@csc.com | H1364: Completed
A1365: vdogra2 | B1365: Platform | C1365: Noida PF Wave 2 (Kamal Arora) | D1365: =VLOOKUP(C1365,Region!A:B,2,FALSE) -> Noida | E1365: Wave2 | F1365: Purple | G1365: vdogra2@csc.com | H1365: Completed
A1366: vdubey4 | B1366: Platform | C1366: Noida PF POD 1 | D1366: =VLOOKUP(C1366,Region!A:B,2,FALSE) -> Noida | E1366: Wave1 | F1366: Yellow | G1366: vdubey4@csc.com | H1366: Completed
A1367: veturuvenkat | B1367: Platform | C1367: Noida POD2 | D1367: =VLOOKUP(C1367,Region!A:B,2,FALSE) -> Noida | E1367: Wave2 | F1367: Yellow | G1367: veturuvenkat@csc.com | H1367: Completed
A1368: vgahlot | B1368: Workplace | C1368: Noida WP POD 1 | D1368: =VLOOKUP(C1368,Region!A:B,2,FALSE) -> Noida | E1368: Wave1 | F1368: Purple | G1368: vgahlot@csc.com | H1368: Not Completed
A1369: VGALANDE | B1369: Workplace | C1369: Noida WP POD 2 | D1369: =VLOOKUP(C1369,Region!A:B,2,FALSE) -> Noida | E1369: Wave2 | F1369: Purple | G1369: VGALANDE@csc.com | H1369: Not Completed
A1370: vgandham | B1370: Platform | C1370: Noida PF Wave 2 (Kamal Arora) | D1370: =VLOOKUP(C1370,Region!A:B,2,FALSE) -> Noida | E1370: Wave2 | F1370: Yellow | G1370: vgandham@csc.com | H1370: Not Completed
A1371: vgera4 | B1371: Platform | C1371: Noida PF Wave 2 (Kamal Arora) | D1371: =VLOOKUP(C1371,Region!A:B,2,FALSE) -> Noida | E1371: Wave2 | F1371: Purple | G1371: vgera4@csc.com | H1371: Completed
A1372: vgk | B1372: Platform | C1372: Noida POD2 | D1372: =VLOOKUP(C1372,Region!A:B,2,FALSE) -> Noida | E1372: Wave2 | F1372: Blue | G1372: vgk@csc.com | H1372: Completed
A1373: vgorrepati2 | B1373: Platform | C1373: Hyderabad - Platform | D1373: =VLOOKUP(C1373,Region!A:B,2,FALSE) -> Hyderabad | E1373: Wave1 | F1373: Orange | G1373: vgorrepati2@csc.com | H1373: Completed
... A1471: zsghaier | B1471: Platform | C1471: Spain | D1471: =VLOOKUP(C1471,Region!A:B,2,FALSE) -> Spain | E1471: Wave1 | F1471: Yellow | G1471: zsghaier@csc.com | H1471: Not Completed

Sheet Region
A1: MBC US PW1 | B1: MBC US
A2: Hyderabad - Platform | B2: Hyderabad
A3: Hyderabad - WP | B3: Hyderabad
A4: Noida PF POD 1 | B4: Noida
A5: Noida PF Wave 2 (Kamal Arora) | B5: Noida
A6: Noida POD2 | B6: Noida
A7: Noida WP POD 1 | B7: Noida
A8: Noida WP POD 2 | B8: Noida
A9: Spain | B9: Spain

Sheet Raw
A1: Email Address | B1: ShortID | C1: LOS | D1: Region | E1: Wave | F1: Color | G1: Total Score | H1: Q1 | I1: Q2 | J1: Q3 | K1: Q4 | L1: Q5 | M1: Q6 | N1: Q7 | O1: Q8 | P1: Q9 | Q1: Q10 | R1: Q11 | S1: Q12 | T1: Q13 | U1: Q14 | V1: Q15 | W1: Q16
A2: NKICCHANNAGA@csc.com | B2: =TRIM(LEFT(A2,FIND("@",A2)-1)) -> NKICCHANNAGA | C2: =VLOOKUP(B2,'Compiled Agents'!A:H,2,FALSE) -> Platform | D2: =VLOOKUP(B2,'Compiled Agents'!A:H,4,FALSE) -> Noida | E2: =VLOOKUP(B2,'Compiled Agents'!A:H,5,FALSE) -> Wave2 | F2: =VLOOKUP(B2,'Compiled Agents'!A:H,6,FALSE) -> Purple | G2: =VLOOKUP($A2,'SurveyRpt_20150223 (1)'!$A$34:$AN$735,6,FALSE) -> 8 | H2: =VLOOKUP($A2,'SurveyRpt_20150223 (1)'!$A$34:$AN$735,8,FALSE) -> Yes | I2: =VLOOKUP($A2,'SurveyRpt_20150223 (1)'!$A$34:$AN$735,10,FALSE) -> Yes | J2: =VLOOKUP($A2,'SurveyRpt_20150223 (1)'!$A$34:$AN$735,12,FALSE) -> No | K2: =VLOOKUP($A2,'SurveyRpt_20150223 (1)'!$A$34:$AN$735,14,FALSE) -> No | L2: =VLOOKUP($A2,'SurveyRpt_20150223 (1)'!$A$34:$AN$735,16,FALSE) -> No | M2: =VLOOKUP($A2,'SurveyRpt_20150223 (1)'!$A$34:$AN$735,18,FALSE) -> No | N2: =VLOOKUP($A2,'SurveyRpt_20150223 (1)'!$A$34:$AN$735,20,FALSE) -> No | O2: =VLOOKUP($A2,'SurveyRpt_20150223 (1)'!$A$34:$AN$735,22,FALSE) -> Yes | P2: =VLOOKUP($A2,'SurveyRpt_20150223 (1)'!$A$34:$AN$735,24,FALSE) -> No | Q2: =VLOOKUP($A2,'SurveyRpt_20150223 (1)'!$A$34:$AN$735,26,FALSE) -> Yes | R2: =VLOOKUP($A2,'SurveyRpt_20150223 (1)'!$A$34:$AN$735,28,FALSE) -> Yes | S2: =VLOOKUP($A2,'SurveyRpt_20150223 (1)'!$A$34:$AN$735,30,FALSE) -> Yes | T2: =VLOOKUP($A2,'SurveyRpt_20150223 (1)'!$A$34:$AN$735,32,FALSE) -> Yes | U2: =VLOOKUP($A2,'SurveyRpt_20150223 (1)'!$A$34:$AN$735,34,FALSE) -> No | V2: =VLOOKUP($A2,'SurveyRpt_20150223 (1)'!$A$34:$AN$735,36,FALSE) -> Yes | W2: =VLOOKUP($A2,'SurveyRpt_20150223 (1)'!$A$34:$AN$735,38,FALSE) -> No
A3: LMOLLURU2@CSC.COM | B3: =TRIM(LEFT(A3,FIND("@",A3)-1)) -> LMOLLURU2 | C3: =VLOOKUP(B3,'Compiled Agents'!A:H,2,FALSE) -> Platform | D3: =VLOOKUP(B3,'Compiled Agents'!A:H,4,FALSE) -> Noida | E3: =VLOOKUP(B3,'Compiled Agents'!A:H,5,FALSE) -> Wave2 | F3: =VLOOKUP(B3,'Compiled Agents'!A:H,6,FALSE) -> Orange | G3: =VLOOKUP($A3,'SurveyRpt_20150223 (1)'!$A$34:$AN$735,6,FALSE) -> 13 | H3: =VLOOKUP($A3,'SurveyRpt_20150223 (1)'!$A$34:$AN$735,8,FALSE) -> Yes | I3: =VLOOKUP($A3,'SurveyRpt_20150223 (1)'!$A$34:$AN$735,10,FALSE) -> Yes | J3: =VLOOKUP($A3,'SurveyRpt_20150223 (1)'!$A$34:$AN$735,12,FALSE) -> Yes | K3: =VLOOKUP($A3,'SurveyRpt_20150223 (1)'!$A$34:$AN$735,14,FALSE) -> Yes | L3: =VLOOKUP($A3,'SurveyRpt_20150223 (1)'!$A$34:$AN$735,16,FALSE) -> Yes | M3: =VLOOKUP($A3,'SurveyRpt_20150223 (1)'!$A$34:$AN$735,18,FALSE) -> Yes | N3: =VLOOKUP($A3,'SurveyRpt_20150223 (1)'!$A$34:$AN$735,20,FALSE) -> Yes | O3: =VLOOKUP($A3,'SurveyRpt_20150223 (1)'!$A$34:$AN$735,22,FALSE) -> Yes | P3: =VLOOKUP($A3,'SurveyRpt_20150223 (1)'!$A$34:$AN$735,24,FALSE) -> No | Q3: =VLOOKUP($A3,'SurveyRpt_20150223 (1)'!$A$34:$AN$735,26,FALSE) -> Yes | R3: =VLOOKUP($A3,'SurveyRpt_20150223 (1)'!$A$34:$AN$735,28,FALSE) -> Yes | S3: =VLOOKUP($A3,'SurveyRpt_20150223 (1)'!$A$34:$AN$735,30,FALSE) -> Yes | T3: =VLOOKUP($A3,'SurveyRpt_20150223 (1)'!$A$34:$AN$735,32,FALSE) -> No | U3: =VLOOKUP($A3,'SurveyRpt_20150223 (1)'!$A$34:$AN$735,34,FALSE) -> No | V3: =VLOOKUP($A3,'SurveyRpt_20150223 (1)'!$A$34:$AN$735,36,FALSE) -> Yes | W3: =VLOOKUP($A3,'SurveyRpt_20150223 (1)'!$A$34:$AN$735,38,FALSE) -> Yes
A4: CGALLEGOS2@csc.com | B4: =TRIM(LEFT(A4,FIND("@",A4)-1)) -> CGALLEGOS2 | C4: =VLOOKUP(B4,'Compiled Agents'!A:H,2,FALSE) -> Workplace | D4: =VLOOKUP(B4,'Compiled Agents'!A:H,4,FALSE) -> MBC US | E4: =VLOOKUP(B4,'Compiled Agents'!A:H,5,FALSE) -> Wave2 | F4: =VLOOKUP(B4,'Compiled Agents'!A:H,6,FALSE) -> Yellow | G4: =VLOOKUP($A4,'SurveyRpt_20150223 (1)'!$A$34:$AN$735,6,FALSE) -> 9 | H4: =VLOOKUP($A4,'SurveyRpt_20150223 (1)'!$A$34:$AN$735,8,FALSE) -> Yes | I4: =VLOOKUP($A4,'SurveyRpt_20150223 (1)'!$A$34:$AN$735,10,FALSE) -> No | J4: =VLOOKUP($A4,'SurveyRpt_20150223 (1)'!$A$34:$AN$735,12,FALSE) -> No | K4: =VLOOKUP($A4,'SurveyRpt_20150223 (1)'!$A$34:$AN$735,14,FALSE) -> No | L4: =VLOOKUP($A4,'SurveyRpt_20150223 (1)'!$A$34:$AN$735,16,FALSE) -> Yes | M4: =VLOOKUP($A4,'SurveyRpt_20150223 (1)'!$A$34:$AN$735,18,FALSE) -> Yes | N4: =VLOOKUP($A4,'SurveyRpt_20150223 (1)'!$A$34:$AN$735,20,FALSE) -> No | O4: =VLOOKUP($A4,'SurveyRpt_20150223 (1)'!$A$34:$AN$735,22,FALSE) -> Yes | P4: =VLOOKUP($A4,'SurveyRpt_20150223 (1)'!$A$34:$AN$735,24,FALSE) -> Yes | Q4: =VLOOKUP($A4,'SurveyRpt_20150223 (1)'!$A$34:$AN$735,26,FALSE) -> Yes | R4: =VLOOKUP($A4,'SurveyRpt_20150223 (1)'!$A$34:$AN$735,28,FALSE) -> Yes | S4: =VLOOKUP($A4,'SurveyRpt_20150223 (1)'!$A$34:$AN$735,30,FALSE) -> Yes | T4: =VLOOKUP($A4,'SurveyRpt_20150223 (1)'!$A$34:$AN$735,32,FALSE) -> No | U4: =VLOOKUP($A4,'SurveyRpt_20150223 (1)'!$A$34:$AN$735,34,FALSE) -> No | V4: =VLOOKUP($A4,'SurveyRpt_20150223 (1)'!$A$34:$AN$735,36,FALSE) -> Yes | W4: =VLOOKUP($A4,'SurveyRpt_20150223 (1)'!$A$34:$AN$735,38,FALSE) -> No
A5: UMONGA@csc.com | B5: =TRIM(LEFT(A5,FIND("@",A5)-1)) -> UMONGA | C5: =VLOOKUP(B5,'Compiled Agents'!A:H,2,FALSE) -> Platform | D5: =VLOOKUP(B5,'Compiled Agents'!A:H,4,FALSE) -> Noida | E5: =VLOOKUP(B5,'Compiled Agents'!A:H,5,FALSE) -> Wave2 | F5: =VLOOKUP(B5,'Compiled Agents'!A:H,6,FALSE) -> Yellow | G5: =VLOOKUP($A5,'SurveyRpt_20150223 (1)'!$A$34:$AN$735,6,FALSE) -> 16 | H5: =VLOOKUP($A5,'SurveyRpt_20150223 (1)'!$A$34:$AN$735,8,FALSE) -> Yes | I5: =VLOOKUP($A5,'SurveyRpt_20150223 (1)'!$A$34:$AN$735,10,FALSE) -> Yes | J5: =VLOOKUP($A5,'SurveyRpt_20150223 (1)'!$A$34:$AN$735,12,FALSE) -> Yes | K5: =VLOOKUP($A5,'SurveyRpt_20150223 (1)'!$A$34:$AN$735,14,FALSE) -> Yes | L5: =VLOOKUP($A5,'SurveyRpt_20150223 (1)'!$A$34:$AN$735,16,FALSE) -> Yes | M5: =VLOOKUP($A5,'SurveyRpt_20150223 (1)'!$A$34:$AN$735,18,FALSE) -> Yes | N5: =VLOOKUP($A5,'SurveyRpt_20150223 (1)'!$A$34:$AN$735,20,FALSE) -> Yes | O5: =VLOOKUP($A5,'SurveyRpt_20150223 (1)'!$A$34:$AN$735,22,FALSE) -> Yes | P5: =VLOOKUP($A5,'SurveyRpt_20150223 (1)'!$A$34:$AN$735,24,FALSE) -> Yes | Q5: =VLOOKUP($A5,'SurveyRpt_20150223 (1)'!$A$34:$AN$735,26,FALSE) -> Yes | R5: =VLOOKUP($A5,'SurveyRpt_20150223 (1)'!$A$34:$AN$735,28,FALSE) -> Yes | S5: =VLOOKUP($A5,'SurveyRpt_20150223 (1)'!$A$34:$AN$735,30,FALSE) -> Yes | T5: =VLOOKUP($A5,'SurveyRpt_20150223 (1)'!$A$34:$AN$735,32,FALSE) -> Yes | U5: =VLOOKUP($A5,'SurveyRpt_20150223 (1)'!$A$34:$AN$735,34,FALSE) -> Yes | V5: =VLOOKUP($A5,'SurveyRpt_20150223 (1)'!$A$34:$AN$735,36,FALSE) -> Yes | W5: =VLOOKUP($A5,'SurveyRpt_20150223 (1)'!$A$34:$AN$735,38,FALSE) -> Yes
A6: NMANOHARI@csc.com | B6: =TRIM(LEFT(A6,FIND("@",A6)-1)) -> NMANOHARI | C6: =VLOOKUP(B6,'Compiled Agents'!A:H,2,FALSE) -> Workplace | D6: =VLOOKUP(B6,'Compiled Agents'!A:H,4,FALSE) -> Hyderabad | E6: =VLOOKUP(B6,'Compiled Agents'!A:H,5,FALSE) -> Wave2 | F6: =VLOOKUP(B6,'Compiled Agents'!A:H,6,FALSE) -> Yellow | G6: =VLOOKUP($A6,'SurveyRpt_20150223 (1)'!$A$34:$AN$735,6,FALSE) -> 16 | H6: =VLOOKUP($A6,'SurveyRpt_20150223 (1)'!$A$34:$AN$735,8,FALSE) -> Yes | I6: =VLOOKUP($A6,'SurveyRpt_20150223 (1)'!$A$34:$AN$735,10,FALSE) -> Yes | J6: =VLOOKUP($A6,'SurveyRpt_20150223 (1)'!$A$34:$AN$735,12,FALSE) -> Yes | K6: =VLOOKUP($A6,'SurveyRpt_20150223 (1)'!$A$34:$AN$735,14,FALSE) -> Yes | L6: =VLOOKUP($A6,'SurveyRpt_20150223 (1)'!$A$34:$AN$735,16,FALSE) -> Yes | M6: =VLOOKUP($A6,'SurveyRpt_20150223 (1)'!$A$34:$AN$735,18,FALSE) -> Yes | N6: =VLOOKUP($A6,'SurveyRpt_20150223 (1)'!$A$34:$AN$735,20,FALSE) -> Yes | O6: =VLOOKUP($A6,'SurveyRpt_20150223 (1)'!$A$34:$AN$735,22,FALSE) -> Yes | P6: =VLOOKUP($A6,'SurveyRpt_20150223 (1)'!$A$34:$AN$735,24,FALSE) -> Yes | Q6: =VLOOKUP($A6,'SurveyRpt_20150223 (1)'!$A$34:$AN$735,26,FALSE) -> Yes | R6: =VLOOKUP($A6,'SurveyRpt_20150223 (1)'!$A$34:$AN$735,28,FALSE) -> Yes | S6: =VLOOKUP($A6,'SurveyRpt_20150223 (1)'!$A$34:$AN$735,30,FALSE) -> Yes | T6: =VLOOKUP($A6,'SurveyRpt_20150223 (1)'!$A$34:$AN$735,32,FALSE) -> Yes | U6: =VLOOKUP($A6,'SurveyRpt_20150223 (1)'!$A$34:$AN$735,34,FALSE) -> Yes | V6: =VLOOKUP($A6,'SurveyRpt_20150223 (1)'!$A$34:$AN$735,36,FALSE) -> Yes | W6: =VLOOKUP($A6,'SurveyRpt_20150223 (1)'!$A$34:$AN$735,38,FALSE) -> Yes
A7: SBHARTI2@csc.com | B7: =TRIM(LEFT(A7,FIND("@",A7)-1)) -> SBHARTI2 | C7: =VLOOKUP(B7,'Compiled Agents'!A:H,2,FALSE) -> Platform | D7: =VLOOKUP(B7,'Compiled Agents'!A:H,4,FALSE) -> Noida | E7: =VLOOKUP(B7,'Compiled Agents'!A:H,5,FALSE) -> Wave2 | F7: =VLOOKUP(B7,'Compiled Agents'!A:H,6,FALSE) -> Purple | G7: =VLOOKUP($A7,'SurveyRpt_20150223 (1)'!$A$34:$AN$735,6,FALSE) -> 1 | H7: =VLOOKUP($A7,'SurveyRpt_20150223 (1)'!$A$34:$AN$735,8,FALSE) -> No | I7: =VLOOKUP($A7,'SurveyRpt_20150223 (1)'!$A$34:$AN$735,10,FALSE) -> No | J7: =VLOOKUP($A7,'SurveyRpt_20150223 (1)'!$A$34:$AN$735,12,FALSE) -> No | K7: =VLOOKUP($A7,'SurveyRpt_20150223 (1)'!$A$34:$AN$735,14,FALSE) -> No | L7: =VLOOKUP($A7,'SurveyRpt_20150223 (1)'!$A$34:$AN$735,16,FALSE) -> No | M7: =VLOOKUP($A7,'SurveyRpt_20150223 (1)'!$A$34:$AN$735,18,FALSE) -> Yes | N7: =VLOOKUP($A7,'SurveyRpt_20150223 (1)'!$A$34:$AN$735,20,FALSE) -> No | O7: =VLOOKUP($A7,'SurveyRpt_20150223 (1)'!$A$34:$AN$735,22,FALSE) -> No | P7: =VLOOKUP($A7,'SurveyRpt_20150223 (1)'!$A$34:$AN$735,24,FALSE) -> No | Q7: =VLOOKUP($A7,'SurveyRpt_20150223 (1)'!$A$34:$AN$735,26,FALSE) -> No | R7: =VLOOKUP($A7,'SurveyRpt_20150223 (1)'!$A$34:$AN$735,28,FALSE) -> No | S7: =VLOOKUP($A7,'SurveyRpt_20150223 (1)'!$A$34:$AN$735,30,FALSE) -> No | T7: =VLOOKUP($A7,'SurveyRpt_20150223 (1)'!$A$34:$AN$735,32,FALSE) -> No | U7: =VLOOKUP($A7,'SurveyRpt_20150223 (1)'!$A$34:$AN$735,34,FALSE) -> No | V7: =VLOOKUP($A7,'SurveyRpt_20150223 (1)'!$A$34:$AN$735,36,FALSE) -> No | W7: =VLOOKUP($A7,'SurveyRpt_20150223 (1)'!$A$34:$AN$735,38,FALSE) -> No
A8: SAZHAR@csc.com | B8: =TRIM(LEFT(A8,FIND("@",A8)-1)) -> SAZHAR | C8: =VLOOKUP(B8,'Compiled Agents'!A:H,2,FALSE) -> Platform | D8: =VLOOKUP(B8,'Compiled Agents'!A:H,4,FALSE) -> Noida | E8: =VLOOKUP(B8,'Compiled Agents'!A:H,5,FALSE) -> Wave2 | F8: =VLOOKUP(B8,'Compiled Agents'!A:H,6,FALSE) -> Yellow | G8: =VLOOKUP($A8,'SurveyRpt_20150223 (1)'!$A$34:$AN$735,6,FALSE) -> 15 | H8: =VLOOKUP($A8,'SurveyRpt_20150223 (1)'!$A$34:$AN$735,8,FALSE) -> Yes | I8: =VLOOKUP($A8,'SurveyRpt_20150223 (1)'!$A$34:$AN$735,10,FALSE) -> Yes | J8: =VLOOKUP($A8,'SurveyRpt_20150223 (1)'!$A$34:$AN$735,12,FALSE) -> Yes | K8: =VLOOKUP($A8,'SurveyRpt_20150223 (1)'!$A$34:$AN$735,14,FALSE) -> Yes | L8: =VLOOKUP($A8,'SurveyRpt_20150223 (1)'!$A$34:$AN$735,16,FALSE) -> Yes | M8: =VLOOKUP($A8,'SurveyRpt_20150223 (1)'!$A$34:$AN$735,18,FALSE) -> Yes | N8: =VLOOKUP($A8,'SurveyRpt_20150223 (1)'!$A$34:$AN$735,20,FALSE) -> Yes | O8: =VLOOKUP($A8,'SurveyRpt_20150223 (1)'!$A$34:$AN$735,22,FALSE) -> Yes | P8: =VLOOKUP($A8,'SurveyRpt_20150223 (1)'!$A$34:$AN$735,24,FALSE) -> Yes | Q8: =VLOOKUP($A8,'SurveyRpt_20150223 (1)'!$A$34:$AN$735,26,FALSE) -> Yes | R8: =VLOOKUP($A8,'SurveyRpt_20150223 (1)'!$A$34:$AN$735,28,FALSE) -> Yes | S8: =VLOOKUP($A8,'SurveyRpt_20150223 (1)'!$A$34:$AN$735,30,FALSE) -> Yes | T8: =VLOOKUP($A8,'SurveyRpt_20150223 (1)'!$A$34:$AN$735,32,FALSE) -> Yes | U8: =VLOOKUP($A8,'SurveyRpt_20150223 (1)'!$A$34:$AN$735,34,FALSE) -> Yes | V8: =VLOOKUP($A8,'SurveyRpt_20150223 (1)'!$A$34:$AN$735,36,FALSE) -> No | W8: =VLOOKUP($A8,'SurveyRpt_20150223 (1)'!$A$34:$AN$735,38,FALSE) -> Yes
A9: NPEDDI3@CSC.COM | B9: =TRIM(LEFT(A9,FIND("@",A9)-1)) -> NPEDDI3 | C9: =VLOOKUP(B9,'Compiled Agents'!A:H,2,FALSE) -> Platform | D9: =VLOOKUP(B9,'Compiled Agents'!A:H,4,FALSE) -> Hyderabad | E9: =VLOOKUP(B9,'Compiled Agents'!A:H,5,FALSE) -> Wave1 | F9: =VLOOKUP(B9,'Compiled Agents'!A:H,6,FALSE) -> Purple | G9: =VLOOKUP($A9,'SurveyRpt_20150223 (1)'!$A$34:$AN$735,6,FALSE) -> 16 | H9: =VLOOKUP($A9,'SurveyRpt_20150223 (1)'!$A$34:$AN$735,8,FALSE) -> Yes | I9: =VLOOKUP($A9,'SurveyRpt_20150223 (1)'!$A$34:$AN$735,10,FALSE) -> Yes | J9: =VLOOKUP($A9,'SurveyRpt_20150223 (1)'!$A$34:$AN$735,12,FALSE) -> Yes | K9: =VLOOKUP($A9,'SurveyRpt_20150223 (1)'!$A$34:$AN$735,14,FALSE) -> Yes | L9: =VLOOKUP($A9,'SurveyRpt_20150223 (1)'!$A$34:$AN$735,16,FALSE) -> Yes | M9: =VLOOKUP($A9,'SurveyRpt_20150223 (1)'!$A$34:$AN$735,18,FALSE) -> Yes | N9: =VLOOKUP($A9,'SurveyRpt_20150223 (1)'!$A$34:$AN$735,20,FALSE) -> Yes | O9: =VLOOKUP($A9,'SurveyRpt_20150223 (1)'!$A$34:$AN$735,22,FALSE) -> Yes | P9: =VLOOKUP($A9,'SurveyRpt_20150223 (1)'!$A$34:$AN$735,24,FALSE) -> Yes | Q9: =VLOOKUP($A9,'SurveyRpt_20150223 (1)'!$A$34:$AN$735,26,FALSE) -> Yes | R9: =VLOOKUP($A9,'SurveyRpt_20150223 (1)'!$A$34:$AN$735,28,FALSE) -> Yes | S9: =VLOOKUP($A9,'SurveyRpt_20150223 (1)'!$A$34:$AN$735,30,FALSE) -> Yes | T9: =VLOOKUP($A9,'SurveyRpt_20150223 (1)'!$A$34:$AN$735,32,FALSE) -> Yes | U9: =VLOOKUP($A9,'SurveyRpt_20150223 (1)'!$A$34:$AN$735,34,FALSE) -> Yes | V9: =VLOOKUP($A9,'SurveyRpt_20150223 (1)'!$A$34:$AN$735,36,FALSE) -> Yes | W9: =VLOOKUP($A9,'SurveyRpt_20150223 (1)'!$A$34:$AN$735,38,FALSE) -> Yes
A10: SKOTHURU@csc.com | B10: =TRIM(LEFT(A10,FIND("@",A10)-1)) -> SKOTHURU | C10: =VLOOKUP(B10,'Compiled Agents'!A:H,2,FALSE) -> Platform | D10: =VLOOKUP(B10,'Compiled Agents'!A:H,4,FALSE) -> Hyderabad | E10: =VLOOKUP(B10,'Compiled Agents'!A:H,5,FALSE) -> Wave1 | F10: =VLOOKUP(B10,'Compiled Agents'!A:H,6,FALSE) -> Purple | G10: =VLOOKUP($A10,'SurveyRpt_20150223 (1)'!$A$34:$AN$735,6,FALSE) -> 16 | H10: =VLOOKUP($A10,'SurveyRpt_20150223 (1)'!$A$34:$AN$735,8,FALSE) -> Yes | I10: =VLOOKUP($A10,'SurveyRpt_20150223 (1)'!$A$34:$AN$735,10,FALSE) -> Yes | J10: =VLOOKUP($A10,'SurveyRpt_20150223 (1)'!$A$34:$AN$735,12,FALSE) -> Yes | K10: =VLOOKUP($A10,'SurveyRpt_20150223 (1)'!$A$34:$AN$735,14,FALSE) -> Yes | L10: =VLOOKUP($A10,'SurveyRpt_20150223 (1)'!$A$34:$AN$735,16,FALSE) -> Yes | M10: =VLOOKUP($A10,'SurveyRpt_20150223 (1)'!$A$34:$AN$735,18,FALSE) -> Yes | N10: =VLOOKUP($A10,'SurveyRpt_20150223 (1)'!$A$34:$AN$735,20,FALSE) -> Yes | O10: =VLOOKUP($A10,'SurveyRpt_20150223 (1)'!$A$34:$AN$735,22,FALSE) -> Yes | P10: =VLOOKUP($A10,'SurveyRpt_20150223 (1)'!$A$34:$AN$735,24,FALSE) -> Yes | Q10: =VLOOKUP($A10,'SurveyRpt_20150223 (1)'!$A$34:$AN$735,26,FALSE) -> Yes | R10: =VLOOKUP($A10,'SurveyRpt_20150223 (1)'!$A$34:$AN$735,28,FALSE) -> Yes | S10: =VLOOKUP($A10,'SurveyRpt_20150223 (1)'!$A$34:$AN$735,30,FALSE) -> Yes | T10: =VLOOKUP($A10,'SurveyRpt_20150223 (1)'!$A$34:$AN$735,32,FALSE) -> Yes | U10: =VLOOKUP($A10,'SurveyRpt_20150223 (1)'!$A$34:$AN$735,34,FALSE) -> Yes | V10: =VLOOKUP($A10,'SurveyRpt_20150223 (1)'!$A$34:$AN$735,36,FALSE) -> Yes | W10: =VLOOKUP($A10,'SurveyRpt_20150223 (1)'!$A$34:$AN$735,38,FALSE) -> Yes
A11: RVOJJALA@CSC.COM | B11: =TRIM(LEFT(A11,FIND("@",A11)-1)) -> RVOJJALA | C11: =VLOOKUP(B11,'Compiled Agents'!A:H,2,FALSE) -> Platform | D11: =VLOOKUP(B11,'Compiled Agents'!A:H,4,FALSE) -> Hyderabad | E11: =VLOOKUP(B11,'Compiled Agents'!A:H,5,FALSE) -> Wave1 | F11: =VLOOKUP(B11,'Compiled Agents'!A:H,6,FALSE) -> Yellow | G11: =VLOOKUP($A11,'SurveyRpt_20150223 (1)'!$A$34:$AN$735,6,FALSE) -> 16 | H11: =VLOOKUP($A11,'SurveyRpt_20150223 (1)'!$A$34:$AN$735,8,FALSE) -> Yes | I11: =VLOOKUP($A11,'SurveyRpt_20150223 (1)'!$A$34:$AN$735,10,FALSE) -> Yes | J11: =VLOOKUP($A11,'SurveyRpt_20150223 (1)'!$A$34:$AN$735,12,FALSE) -> Yes | K11: =VLOOKUP($A11,'SurveyRpt_20150223 (1)'!$A$34:$AN$735,14,FALSE) -> Yes | L11: =VLOOKUP($A11,'SurveyRpt_20150223 (1)'!$A$34:$AN$735,16,FALSE) -> Yes | M11: =VLOOKUP($A11,'SurveyRpt_20150223 (1)'!$A$34:$AN$735,18,FALSE) -> Yes | N11: =VLOOKUP($A11,'SurveyRpt_20150223 (1)'!$A$34:$AN$735,20,FALSE) -> Yes | O11: =VLOOKUP($A11,'SurveyRpt_20150223 (1)'!$A$34:$AN$735,22,FALSE) -> Yes | P11: =VLOOKUP($A11,'SurveyRpt_20150223 (1)'!$A$34:$AN$735,24,FALSE) -> Yes | Q11: =VLOOKUP($A11,'SurveyRpt_20150223 (1)'!$A$34:$AN$735,26,FALSE) -> Yes | R11: =VLOOKUP($A11,'SurveyRpt_20150223 (1)'!$A$34:$AN$735,28,FALSE) -> Yes | S11: =VLOOKUP($A11,'SurveyRpt_20150223 (1)'!$A$34:$AN$735,30,FALSE) -> Yes | T11: =VLOOKUP($A11,'SurveyRpt_20150223 (1)'!$A$34:$AN$735,32,FALSE) -> Yes | U11: =VLOOKUP($A11,'SurveyRpt_20150223 (1)'!$A$34:$AN$735,34,FALSE) -> Yes | V11: =VLOOKUP($A11,'SurveyRpt_20150223 (1)'!$A$34:$AN$735,36,FALSE) -> Yes | W11: =VLOOKUP($A11,'SurveyRpt_20150223 (1)'!$A$34:$AN$735,38,FALSE) -> Yes
A12: NASHOKKUMARS@csc.com | B12: =TRIM(LEFT(A12,FIND("@",A12)-1)) -> NASHOKKUMARS | C12: =VLOOKUP(B12,'Compiled Agents'!A:H,2,FALSE) -> Platform | D12: =VLOOKUP(B12,'Compiled Agents'!A:H,4,FALSE) -> Hyderabad | E12: =VLOOKUP(B12,'Compiled Agents'!A:H,5,FALSE) -> Wave1 | F12: =VLOOKUP(B12,'Compiled Agents'!A:H,6,FALSE) -> Purple | G12: =VLOOKUP($A12,'SurveyRpt_20150223 (1)'!$A$34:$AN$735,6,FALSE) -> 10 | H12: =VLOOKUP($A12,'SurveyRpt_20150223 (1)'!$A$34:$AN$735,8,FALSE) -> Yes | I12: =VLOOKUP($A12,'SurveyRpt_20150223 (1)'!$A$34:$AN$735,10,FALSE) -> No | J12: =VLOOKUP($A12,'SurveyRpt_20150223 (1)'!$A$34:$AN$735,12,FALSE) -> No | K12: =VLOOKUP($A12,'SurveyRpt_20150223 (1)'!$A$34:$AN$735,14,FALSE) -> No | L12: =VLOOKUP($A12,'SurveyRpt_20150223 (1)'!$A$34:$AN$735,16,FALSE) -> Yes | M12: =VLOOKUP($A12,'SurveyRpt_20150223 (1)'!$A$34:$AN$735,18,FALSE) -> Yes | N12: =VLOOKUP($A12,'SurveyRpt_20150223 (1)'!$A$34:$AN$735,20,FALSE) -> No | O12: =VLOOKUP($A12,'SurveyRpt_20150223 (1)'!$A$34:$AN$735,22,FALSE) -> Yes | P12: =VLOOKUP($A12,'SurveyRpt_20150223 (1)'!$A$34:$AN$735,24,FALSE) -> No | Q12: =VLOOKUP($A12,'SurveyRpt_20150223 (1)'!$A$34:$AN$735,26,FALSE) -> Yes | R12: =VLOOKUP($A12,'SurveyRpt_20150223 (1)'!$A$34:$AN$735,28,FALSE) -> Yes | S12: =VLOOKUP($A12,'SurveyRpt_20150223 (1)'!$A$34:$AN$735,30,FALSE) -> Yes | T12: =VLOOKUP($A12,'SurveyRpt_20150223 (1)'!$A$34:$AN$735,32,FALSE) -> Yes | U12: =VLOOKUP($A12,'SurveyRpt_20150223 (1)'!$A$34:$AN$735,34,FALSE) -> Yes | V12: =VLOOKUP($A12,'SurveyRpt_20150223 (1)'!$A$34:$AN$735,36,FALSE) -> Yes | W12: =VLOOKUP($A12,'SurveyRpt_20150223 (1)'!$A$34:$AN$735,38,FALSE) -> No
A13: KSIDDIQUI5@csc.com | B13: =TRIM(LEFT(A13,FIND("@",A13)-1)) -> KSIDDIQUI5 | C13: =VLOOKUP(B13,'Compiled Agents'!A:H,2,FALSE) -> Platform | D13: =VLOOKUP(B13,'Compiled Agents'!A:H,4,FALSE) -> Noida | E13: =VLOOKUP(B13,'Compiled Agents'!A:H,5,FALSE) -> Wave2 | F13: =VLOOKUP(B13,'Compiled Agents'!A:H,6,FALSE) -> Yellow | G13: =VLOOKUP($A13,'SurveyRpt_20150223 (1)'!$A$34:$AN$735,6,FALSE) -> 15 | H13: =VLOOKUP($A13,'SurveyRpt_20150223 (1)'!$A$34:$AN$735,8,FALSE) -> Yes | I13: =VLOOKUP($A13,'SurveyRpt_20150223 (1)'!$A$34:$AN$735,10,FALSE) -> Yes | J13: =VLOOKUP($A13,'SurveyRpt_20150223 (1)'!$A$34:$AN$735,12,FALSE) -> Yes | K13: =VLOOKUP($A13,'SurveyRpt_20150223 (1)'!$A$34:$AN$735,14,FALSE) -> No | L13: =VLOOKUP($A13,'SurveyRpt_20150223 (1)'!$A$34:$AN$735,16,FALSE) -> Yes | M13: =VLOOKUP($A13,'SurveyRpt_20150223 (1)'!$A$34:$AN$735,18,FALSE) -> Yes | N13: =VLOOKUP($A13,'SurveyRpt_20150223 (1)'!$A$34:$AN$735,20,FALSE) -> Yes | O13: =VLOOKUP($A13,'SurveyRpt_20150223 (1)'!$A$34:$AN$735,22,FALSE) -> Yes | P13: =VLOOKUP($A13,'SurveyRpt_20150223 (1)'!$A$34:$AN$735,24,FALSE) -> Yes | Q13: =VLOOKUP($A13,'SurveyRpt_20150223 (1)'!$A$34:$AN$735,26,FALSE) -> Yes | R13: =VLOOKUP($A13,'SurveyRpt_20150223 (1)'!$A$34:$AN$735,28,FALSE) -> Yes | S13: =VLOOKUP($A13,'SurveyRpt_20150223 (1)'!$A$34:$AN$735,30,FALSE) -> Yes | T13: =VLOOKUP($A13,'SurveyRpt_20150223 (1)'!$A$34:$AN$735,32,FALSE) -> Yes | U13: =VLOOKUP($A13,'SurveyRpt_20150223 (1)'!$A$34:$AN$735,34,FALSE) -> Yes | V13: =VLOOKUP($A13,'SurveyRpt_20150223 (1)'!$A$34:$AN$735,36,FALSE) -> Yes | W13: =VLOOKUP($A13,'SurveyRpt_20150223 (1)'!$A$34:$AN$735,38,FALSE) -> Yes
... A702: VBHARDWAJ3@csc.com | B702: =TRIM(LEFT(A702,FIND("@",A702)-1)) -> VBHARDWAJ3 | C702: =VLOOKUP(B702,'Compiled Agents'!A:H,2,FALSE) -> Platform | D702: =VLOOKUP(B702,'Compiled Agents'!A:H,4,FALSE) -> Noida | E702: =VLOOKUP(B702,'Compiled Agents'!A:H,5,FALSE) -> Wave2 | F702: =VLOOKUP(B702,'Compiled Agents'!A:H,6,FALSE) -> Purple | G702: =VLOOKUP($A702,'SurveyRpt_20150223 (1)'!$A$34:$AN$735,6,FALSE) -> 16 | H702: =VLOOKUP($A702,'SurveyRpt_20150223 (1)'!$A$34:$AN$735,8,FALSE) -> Yes | I702: =VLOOKUP($A702,'SurveyRpt_20150223 (1)'!$A$34:$AN$735,10,FALSE) -> Yes | J702: =VLOOKUP($A702,'SurveyRpt_20150223 (1)'!$A$34:$AN$735,12,FALSE) -> Yes | K702: =VLOOKUP($A702,'SurveyRpt_20150223 (1)'!$A$34:$AN$735,14,FALSE) -> Yes | L702: =VLOOKUP($A702,'SurveyRpt_20150223 (1)'!$A$34:$AN$735,16,FALSE) -> Yes | M702: =VLOOKUP($A702,'SurveyRpt_20150223 (1)'!$A$34:$AN$735,18,FALSE) -> Yes | N702: =VLOOKUP($A702,'SurveyRpt_20150223 (1)'!$A$34:$AN$735,20,FALSE) -> Yes | O702: =VLOOKUP($A702,'SurveyRpt_20150223 (1)'!$A$34:$AN$735,22,FALSE) -> Yes | P702: =VLOOKUP($A702,'SurveyRpt_20150223 (1)'!$A$34:$AN$735,24,FALSE) -> Yes | Q702: =VLOOKUP($A702,'SurveyRpt_20150223 (1)'!$A$34:$AN$735,26,FALSE) -> Yes | R702: =VLOOKUP($A702,'SurveyRpt_20150223 (1)'!$A$34:$AN$735,28,FALSE) -> Yes | S702: =VLOOKUP($A702,'SurveyRpt_20150223 (1)'!$A$34:$AN$735,30,FALSE) -> Yes | T702: =VLOOKUP($A702,'SurveyRpt_20150223 (1)'!$A$34:$AN$735,32,FALSE) -> Yes | U702: =VLOOKUP($A702,'SurveyRpt_20150223 (1)'!$A$34:$AN$735,34,FALSE) -> Yes | V702: =VLOOKUP($A702,'SurveyRpt_20150223 (1)'!$A$34:$AN$735,36,FALSE) -> Yes | W702: =VLOOKUP($A702,'SurveyRpt_20150223 (1)'!$A$34:$AN$735,38,FALSE) -> Yes

Sheet D%$&01_DevSheet
A1: D%$&01_00f208c49f30469ab9275e26d24e7a5e | F1: ='SurveyRpt_20150223 (1)'!A:A*"h_l!%" -> #VALUE! | G1: ='SurveyRpt_20150223 (1)'!B:B*"h_l!&" -> #VALUE! | H1: ='SurveyRpt_20150223 (1)'!C:C*"h_l!'" -> #VALUE! | I1: ='SurveyRpt_20150223 (1)'!D:D*"h_l!(" -> #VALUE! | J1: ='SurveyRpt_20150223 (1)'!E:E*"h_l!)" -> #VALUE! | K1: ='SurveyRpt_20150223 (1)'!F:F*"h_l!." -> #VALUE! | L1: ='SurveyRpt_20150223 (1)'!G:G*"h_l!/" -> #VALUE! | M1: ='SurveyRpt_20150223 (1)'!H:H*"h_l!0" -> #VALUE! | N1: ='SurveyRpt_20150223 (1)'!I:I*"h_l!1" -> #VALUE! | O1: ='SurveyRpt_20150223 (1)'!J:J*"h_l!2" -> #VALUE! | P1: ='SurveyRpt_20150223 (1)'!K:K*"h_l!3" -> #VALUE! | Q1: ='SurveyRpt_20150223 (1)'!L:L*"h_l!4" -> #VALUE! | R1: ='SurveyRpt_20150223 (1)'!M:M*"h_l!5" -> #VALUE! | S1: ='SurveyRpt_20150223 (1)'!N:N*"h_l!6" -> #VALUE! | T1: ='SurveyRpt_20150223 (1)'!O:O*"h_l!7" -> #VALUE! | U1: ='SurveyRpt_20150223 (1)'!P:P*"h_l!8" -> #VALUE! | V1: ='SurveyRpt_20150223 (1)'!Q:Q*"h_l!9" -> #VALUE! | W1: ='SurveyRpt_20150223 (1)'!R:R*"h_l!:" -> #VALUE! | X1: ='SurveyRpt_20150223 (1)'!S:S*"h_l!;" -> #VALUE! | Y1: ='SurveyRpt_20150223 (1)'!T:T*"h_l!<" -> #VALUE! | Z1: ='SurveyRpt_20150223 (1)'!U:U*"h_l!=" -> #VALUE! | AA1: ='SurveyRpt_20150223 (1)'!V:V*"h_l!>" -> #VALUE! | AB1: ='SurveyRpt_20150223 (1)'!W:W*"h_l!?" -> #VALUE! | AC1: ='SurveyRpt_20150223 (1)'!X:X*"h_l!@" -> #VALUE! | AD1: ='SurveyRpt_20150223 (1)'!Y:Y*"h_l!A" -> #VALUE! | AE1: ='SurveyRpt_20150223 (1)'!Z:Z*"h_l!B" -> #VALUE! | AF1: ='SurveyRpt_20150223 (1)'!AA:AA*"h_l!C" -> #VALUE! | AG1: ='SurveyRpt_20150223 (1)'!AB:AB*"h_l!D" -> #VALUE! | AH1: ='SurveyRpt_20150223 (1)'!AC:AC*"h_l!E" -> #VALUE! | AI1: ='SurveyRpt_20150223 (1)'!AD:AD*"h_l!F" -> #VALUE! | AJ1: ='SurveyRpt_20150223 (1)'!AE:AE*"h_l!G" -> #VALUE! | AK1: ='SurveyRpt_20150223 (1)'!AF:AF*"h_l!H" -> #VALUE! | AL1: ='SurveyRpt_20150223 (1)'!AG:AG*"h_l!I" -> #VALUE! | AM1: ='SurveyRpt_20150223 (1)'!AH:AH*"h_l!J" -> #VALUE! | AN1: ='SurveyRpt_20150223 (1)'!AI:AI*"h_l!K" -> #VALUE! | AO1: ='SurveyRpt_20150223 (1)'!AJ:AJ*"h_l!L" -> #VALUE! | AP1: ='SurveyRpt_20150223 (1)'!AK:AK*"h_l!M" -> #VALUE! | AQ1: ='SurveyRpt_20150223 (1)'!AL:AL*"h_l!N" -> #VALUE! | AR1: ='SurveyRpt_20150223 (1)'!AM:AM*"h_l!O" -> #VALUE! | AS1: ='SurveyRpt_20150223 (1)'!AN:AN*"h_l!P" -> #VALUE! | AT1: ='SurveyRpt_20150223 (1)'!AO:AO*"h_l!Q" -> #VALUE! | AU1: ='SurveyRpt_20150223 (1)'!AP:AP*"h_l!R" -> #VALUE! | AV1: ='SurveyRpt_20150223 (1)'!AQ:AQ*"h_l!S" -> #VALUE! | AW1: ='SurveyRpt_20150223 (1)'!AR:AR*"h_l!T" -> #VALUE! | AX1: ='SurveyRpt_20150223 (1)'!AS:AS*"h_l!U" -> #VALUE! | AY1: ='SurveyRpt_20150223 (1)'!AT:AT*"h_l!V" -> #VALUE! | AZ1: ='SurveyRpt_20150223 (1)'!AU:AU*"h_l!W" -> #VALUE! | BA1: ='SurveyRpt_20150223 (1)'!AV:AV*"h_l!X" -> #VALUE! | BB1: ='SurveyRpt_20150223 (1)'!AW:AW*"h_l!Y" -> #VALUE! | BC1: ='SurveyRpt_20150223 (1)'!AX:AX*"h_l!Z" -> #VALUE! | BD1: ='SurveyRpt_20150223 (1)'!AY:AY*"h_l![" -> #VALUE! | BE1: ='SurveyRpt_20150223 (1)'!AZ:AZ*"h_l!\" -> #VALUE! | BF1: ='SurveyRpt_20150223 (1)'!BA:BA*"h_l!]" -> #VALUE! | BG1: ='SurveyRpt_20150223 (1)'!BB:BB*"h_l!^" -> #VALUE! | BH1: ='SurveyRpt_20150223 (1)'!BC:BC*"h_l!_" -> #VALUE! | BI1: ='SurveyRpt_20150223 (1)'!BD:BD*"h_l!`" -> #VALUE! | BJ1: ='SurveyRpt_20150223 (1)'!BE:BE*"h_l!a" -> #VALUE! | BK1: ='SurveyRpt_20150223 (1)'!BF:BF*"h_l!b" -> #VALUE! | BL1: ='SurveyRpt_20150223 (1)'!BG:BG*"h_l!c" -> #VALUE! | BM1: ='SurveyRpt_20150223 (1)'!BH:BH*"h_l!d" -> #VALUE! | BN1: ='SurveyRpt_20150223 (1)'!BI:BI*"h_l!e" -> #VALUE! | BO1: ='SurveyRpt_20150223 (1)'!BJ:BJ*"h_l!f" -> #VALUE! | BP1: ='SurveyRpt_20150223 (1)'!BK:BK*"h_l!g" -> #VALUE! | BQ1: ='SurveyRpt_20150223 (1)'!BL:BL*"h_l!h" -> #VALUE! | BR1: ='SurveyRpt_20150223 (1)'!BM:BM*"h_l!i" -> #VALUE! | BS1: ='SurveyRpt_20150223 (1)'!BN:BN*"h_l!j" -> #VALUE! | BT1: ='SurveyRpt_20150223 (1)'!BO:BO*"h_l!k" -> #VALUE! | BU1: ='SurveyRpt_20150223 (1)'!BP:BP*"h_l!l" -> #VALUE! | BV1: ='SurveyRpt_20150223 (1)'!BQ:BQ*"h_l!m" -> #VALUE! | BW1: ='SurveyRpt_20150223 (1)'!BR:BR*"h_l!n" -> #VALUE! | BX1: ='SurveyRpt_20150223 (1)'!BS:BS*"h_l!o" -> #VALUE! | BY1: ='SurveyRpt_20150223 (1)'!BT:BT*"h_l!p" -> #VALUE! | BZ1: ='SurveyRpt_20150223 (1)'!BU:BU*"h_l!q" -> #VALUE! | CA1: ='SurveyRpt_20150223 (1)'!BV:BV*"h_l!r" -> #VALUE! | CB1: ='SurveyRpt_20150223 (1)'!BW:BW*"h_l!s" -> #VALUE! | CC1: ='SurveyRpt_20150223 (1)'!BX:BX*"h_l!t" -> #VALUE! | CD1: ='SurveyRpt_20150223 (1)'!BY:BY*"h_l!u" -> #VALUE! | CE1: ='SurveyRpt_20150223 (1)'!BZ:BZ*"h_l!v" -> #VALUE! | CF1: ='SurveyRpt_20150223 (1)'!CA:CA*"h_l!w" -> #VALUE! | CG1: ='SurveyRpt_20150223 (1)'!CB:CB*"h_l!x" -> #VALUE! | CH1: ='SurveyRpt_20150223 (1)'!CC:CC*"h_l!y" -> #VALUE! | CI1: ='SurveyRpt_20150223 (1)'!CD:CD*"h_l!z" -> #VALUE! | CJ1: ='SurveyRpt_20150223 (1)'!CE:CE*"h_l!{" -> #VALUE! | CK1: ='SurveyRpt_20150223 (1)'!CF:CF*"h_l!|" -> #VALUE! | CL1: ='SurveyRpt_20150223 (1)'!CG:CG*"h_l!}" -> #VALUE! | CM1: ='SurveyRpt_20150223 (1)'!CH:CH*"h_l!~" -> #VALUE! | CN1: ='SurveyRpt_20150223 (1)'!CI:CI*"h_l!$#" -> #VALUE! | CO1: ='SurveyRpt_20150223 (1)'!CJ:CJ*"h_l!$$" -> #VALUE! | CP1: ='SurveyRpt_20150223 (1)'!CK:CK*"h_l!$%" -> #VALUE! | CQ1: ='SurveyRpt_20150223 (1)'!CL:CL*"h_l!$&" -> #VALUE! | CR1: ='SurveyRpt_20150223 (1)'!1:1-"h_l!$'" -> #VALUE! | CS1: ='SurveyRpt_20150223 (1)'!2:2-"h_l!$(" -> #VALUE! | CT1: ='SurveyRpt_20150223 (1)'!3:3-"h_l!$)" -> #VALUE! | CU1: ='SurveyRpt_20150223 (1)'!4:4-"h_l!$." -> #VALUE! | CV1: ='SurveyRpt_20150223 (1)'!5:5-"h_l!$/" -> #VALUE! | CW1: ='SurveyRpt_20150223 (1)'!6:6-"h_l!$0" -> #VALUE! | CX1: ='SurveyRpt_20150223 (1)'!7:7-"h_l!$1" -> #VALUE! | CY1: ='SurveyRpt_20150223 (1)'!8:8-"h_l!$2" -> #VALUE! | CZ1: ='SurveyRpt_20150223 (1)'!9:9-"h_l!$3" -> #VALUE! | DA1: ='SurveyRpt_20150223 (1)'!10:10-"h_l!$4" -> #VALUE! | DB1: ='SurveyRpt_20150223 (1)'!11:11-"h_l!$5" -> #VALUE! | DC1: ='SurveyRpt_20150223 (1)'!12:12-"h_l!$6" -> #VALUE! | DD1: ='SurveyRpt_20150223 (1)'!13:13-"h_l!$7" -> #VALUE! | DE1: ='SurveyRpt_20150223 (1)'!14:14-"h_l!$8" -> #VALUE! | DF1: ='SurveyRpt_20150223 (1)'!15:15-"h_l!$9" -> #VALUE! | DG1: ='SurveyRpt_20150223 (1)'!16:16-"h_l!$:" -> #VALUE! | DH1: ='SurveyRpt_20150223 (1)'!17:17-"h_l!$;" -> #VALUE! | DI1: ='SurveyRpt_20150223 (1)'!18:18-"h_l!$<" -> #VALUE! | DJ1: ='SurveyRpt_20150223 (1)'!19:19-"h_l!$=" -> #VALUE! | DK1: ='SurveyRpt_20150223 (1)'!20:20-"h_l!$>" -> #VALUE! | DL1: ='SurveyRpt_20150223 (1)'!21:21-"h_l!$?" -> #VALUE! | DM1: ='SurveyRpt_20150223 (1)'!22:22-"h_l!$@" -> #VALUE! | DN1: ='SurveyRpt_20150223 (1)'!23:23-"h_l!$A" -> #VALUE! | DO1: ='SurveyRpt_20150223 (1)'!24:24-"h_l!$B" -> #VALUE! | DP1: ='SurveyRpt_20150223 (1)'!25:25-"h_l!$C" -> #VALUE! | DQ1: ='SurveyRpt_20150223 (1)'!26:26-"h_l!$D" -> #VALUE! | DR1: ='SurveyRpt_20150223 (1)'!27:27-"h_l!$E" -> #VALUE! | DS1: ='SurveyRpt_20150223 (1)'!28:28-"h_l!$F" -> #VALUE! | DT1: ='SurveyRpt_20150223 (1)'!29:29-"h_l!$G" -> #VALUE! | DU1: ='SurveyRpt_20150223 (1)'!30:30-"h_l!$H" -> #VALUE! | DV1: ='SurveyRpt_20150223 (1)'!31:31-"h_l!$I" -> #VALUE! | DW1: ='SurveyRpt_20150223 (1)'!32:32-"h_l!$J" -> #VALUE! | DX1: ='SurveyRpt_20150223 (1)'!33:33-"h_l!$K" -> #VALUE! | DY1: ='SurveyRpt_20150223 (1)'!34:34-"h_l!$L" -> #VALUE! | DZ1: ='SurveyRpt_20150223 (1)'!35:35-"h_l!$M" -> #VALUE! | EA1: ='SurveyRpt_20150223 (1)'!36:36-"h_l!$N" -> #VALUE! | EB1: ='SurveyRpt_20150223 (1)'!37:37-"h_l!$O" -> #VALUE! | EC1: ='SurveyRpt_20150223 (1)'!38:38-"h_l!$P" -> #VALUE! | ED1: ='SurveyRpt_20150223 (1)'!39:39-"h_l!$Q" -> #VALUE! | EE1: ='SurveyRpt_20150223 (1)'!40:40-"h_l!$R" -> #VALUE! | EF1: ='SurveyRpt_20150223 (1)'!41:41-"h_l!$S" -> #VALUE! | EG1: ='SurveyRpt_20150223 (1)'!42:42-"h_l!$T" -> #VALUE! | EH1: ='SurveyRpt_20150223 (1)'!43:43-"h_l!$U" -> #VALUE! | EI1: ='SurveyRpt_20150223 (1)'!44:44-"h_l!$V" -> #VALUE! | EJ1: ='SurveyRpt_20150223 (1)'!45:45-"h_l!$W" -> #VALUE! | EK1: ='SurveyRpt_20150223 (1)'!46:46-"h_l!$X" -> #VALUE! | EL1: ='SurveyRpt_20150223 (1)'!47:47-"h_l!$Y" -> #VALUE! | EM1: ='SurveyRpt_20150223 (1)'!48:48-"h_l!$Z" -> #VALUE! | EN1: ='SurveyRpt_20150223 (1)'!49:49-"h_l!$[" -> #VALUE! | EO1: ='SurveyRpt_20150223 (1)'!50:50-"h_l!$\" -> #VALUE! | EP1: ='SurveyRpt_20150223 (1)'!51:51-"h_l!$]" -> #VALUE! | EQ1: ='SurveyRpt_20150223 (1)'!52:52-"h_l!$^" -> #VALUE! | ER1: ='SurveyRpt_20150223 (1)'!53:53-"h_l!$_" -> #VALUE! | ES1: ='SurveyRpt_20150223 (1)'!54:54-"h_l!$`" -> #VALUE! | ET1: ='SurveyRpt_20150223 (1)'!55:55-"h_l!$a" -> #VALUE! | EU1: ='SurveyRpt_20150223 (1)'!56:56-"h_l!$b" -> #VALUE! | EV1: ='SurveyRpt_20150223 (1)'!57:57-"h_l!$c" -> #VALUE! | EW1: ='SurveyRpt_20150223 (1)'!58:58-"h_l!$d" -> #VALUE! | EX1: ='SurveyRpt_20150223 (1)'!59:59-"h_l!$e" -> #VALUE! | EY1: ='SurveyRpt_20150223 (1)'!60:60-"h_l!$f" -> #VALUE! | EZ1: ='SurveyRpt_20150223 (1)'!61:61-"h_l!$g" -> #VALUE! | FA1: ='SurveyRpt_20150223 (1)'!62:62-"h_l!$h" -> #VALUE! | FB1: ='SurveyRpt_20150223 (1)'!63:63-"h_l!$i" -> #VALUE! | FC1: ='SurveyRpt_20150223 (1)'!64:64-"h_l!$j" -> #VALUE! | FD1: ='SurveyRpt_20150223 (1)'!65:65-"h_l!$k" -> #VALUE! | FE1: ='SurveyRpt_20150223 (1)'!66:66-"h_l!$l" -> #VALUE! | FF1: ='SurveyRpt_20150223 (1)'!67:67-"h_l!$m" -> #VALUE! | FG1: ='SurveyRpt_20150223 (1)'!68:68-"h_l!$n" -> #VALUE! | FH1: ='SurveyRpt_20150223 (1)'!69:69-"h_l!$o" -> #VALUE! | FI1: ='SurveyRpt_20150223 (1)'!70:70-"h_l!$p" -> #VALUE! | FJ1: ='SurveyRpt_20150223 (1)'!71:71-"h_l!$q" -> #VALUE! | FK1: ='SurveyRpt_20150223 (1)'!72:72-"h_l!$r" -> #VALUE! | FL1: ='SurveyRpt_20150223 (1)'!73:73-"h_l!$s" -> #VALUE! | FM1: ='SurveyRpt_20150223 (1)'!74:74-"h_l!$t" -> #VALUE! | FN1: ='SurveyRpt_20150223 (1)'!75:75-"h_l!$u" -> #VALUE! | FO1: ='SurveyRpt_20150223 (1)'!76:76-"h_l!$v" -> #VALUE! | FP1: ='SurveyRpt_20150223 (1)'!77:77-"h_l!$w" -> #VALUE! | FQ1: ='SurveyRpt_20150223 (1)'!78:78-"h_l!$x" -> #VALUE! | FR1: ='SurveyRpt_20150223 (1)'!79:79-"h_l!$y" -> #VALUE! | FS1: ='SurveyRpt_20150223 (1)'!80:80-"h_l!$z" -> #VALUE! | FT1: ='SurveyRpt_20150223 (1)'!81:81-"h_l!${" -> #VALUE! | FU1: ='SurveyRpt_20150223 (1)'!82:82-"h_l!$|" -> #VALUE! | FV1: ='SurveyRpt_20150223 (1)'!83:83-"h_l!$}" -> #VALUE! | FW1: ='SurveyRpt_20150223 (1)'!84:84-"h_l!$~" -> #VALUE! | FX1: ='SurveyRpt_20150223 (1)'!85:85-"h_l!%#" -> #VALUE! | FY1: ='SurveyRpt_20150223 (1)'!86:86-"h_l!%$" -> #VALUE! | FZ1: ='SurveyRpt_20150223 (1)'!87:87-"h_l!%%" -> #VALUE! | GA1: ='SurveyRpt_20150223 (1)'!88:88-"h_l!%&" -> #VALUE! | GB1: ='SurveyRpt_20150223 (1)'!89:89-"h_l!%'" -> #VALUE! | GC1: ='SurveyRpt_20150223 (1)'!90:90-"h_l!%(" -> #VALUE! | GD1: ='SurveyRpt_20150223 (1)'!91:91-"h_l!%)" -> #VALUE! | GE1: ='SurveyRpt_20150223 (1)'!92:92-"h_l!%." -> #VALUE! | GF1: ='SurveyRpt_20150223 (1)'!93:93-"h_l!%/" -> #VALUE! | GG1: ='SurveyRpt_20150223 (1)'!94:94-"h_l!%0" -> #VALUE! | GH1: ='SurveyRpt_20150223 (1)'!95:95-"h_l!%1" -> #VALUE! | GI1: ='SurveyRpt_20150223 (1)'!96:96-"h_l!%2" -> #VALUE! | GJ1: ='SurveyRpt_20150223 (1)'!97:97-"h_l!%3" -> #VALUE! | GK1: ='SurveyRpt_20150223 (1)'!98:98-"h_l!%4" -> #VALUE! | GL1: ='SurveyRpt_20150223 (1)'!99:99-"h_l!%5" -> #VALUE! | GM1: ='SurveyRpt_20150223 (1)'!100:100-"h_l!%6" -> #VALUE! | GN1: ='SurveyRpt_20150223 (1)'!101:101-"h_l!%7" -> #VALUE! | GO1: ='SurveyRpt_20150223 (1)'!102:102-"h_l!%8" -> #VALUE! | GP1: ='SurveyRpt_20150223 (1)'!103:103-"h_l!%9" -> #VALUE! | GQ1: ='SurveyRpt_20150223 (1)'!104:104-"h_l!%:" -> #VALUE! | GR1: ='SurveyRpt_20150223 (1)'!105:105-"h_l!%;" -> #VALUE! | GS1: ='SurveyRpt_20150223 (1)'!106:106-"h_l!%<" -> #VALUE! | GT1: ='SurveyRpt_20150223 (1)'!107:107-"h_l!%=" -> #VALUE! | GU1: ='SurveyRpt_20150223 (1)'!108:108-"h_l!%>" -> #VALUE! | GV1: ='SurveyRpt_20150223 (1)'!109:109-"h_l!%?" -> #VALUE! | GW1: ='SurveyRpt_20150223 (1)'!110:110-"h_l!%@" -> #VALUE! | GX1: ='SurveyRpt_20150223 (1)'!111:111-"h_l!%A" -> #VALUE! | GY1: ='SurveyRpt_20150223 (1)'!112:112-"h_l!%B" -> #VALUE! | GZ1: ='SurveyRpt_20150223 (1)'!113:113-"h_l!%C" -> #VALUE! | HA1: ='SurveyRpt_20150223 (1)'!114:114-"h_l!%D" -> #VALUE! | HB1: ='SurveyRpt_20150223 (1)'!115:115-"h_l!%E" -> #VALUE! | HC1: ='SurveyRpt_20150223 (1)'!116:116-"h_l!%F" -> #VALUE! | HD1: ='SurveyRpt_20150223 (1)'!117:117-"h_l!%G" -> #VALUE! | HE1: ='SurveyRpt_20150223 (1)'!118:118-"h_l!%H" -> #VALUE! | HF1: ='SurveyRpt_20150223 (1)'!119:119-"h_l!%I" -> #VALUE! | HG1: ='SurveyRpt_20150223 (1)'!120:120-"h_l!%J" -> #VALUE! | HH1: ='SurveyRpt_20150223 (1)'!121:121-"h_l!%K" -> #VALUE! | HI1: ='SurveyRpt_20150223 (1)'!122:122-"h_l!%L" -> #VALUE! | HJ1: ='SurveyRpt_20150223 (1)'!123:123-"h_l!%M" -> #VALUE! | HK1: ='SurveyRpt_20150223 (1)'!124:124-"h_l!%N" -> #VALUE! | HL1: ='SurveyRpt_20150223 (1)'!125:125-"h_l!%O" -> #VALUE! | HM1: ='SurveyRpt_20150223 (1)'!126:126-"h_l!%P" -> #VALUE! | HN1: ='SurveyRpt_20150223 (1)'!127:127-"h_l!%Q" -> #VALUE! | HO1: ='SurveyRpt_20150223 (1)'!128:128-"h_l!%R" -> #VALUE! | HP1: ='SurveyRpt_20150223 (1)'!129:129-"h_l!%S" -> #VALUE! | HQ1: ='SurveyRpt_20150223 (1)'!130:130-"h_l!%T" -> #VALUE! | HR1: ='SurveyRpt_20150223 (1)'!131:131-"h_l!%U" -> #VALUE! | HS1: ='SurveyRpt_20150223 (1)'!132:132-"h_l!%V" -> #VALUE! | HT1: ='SurveyRpt_20150223 (1)'!133:133-"h_l!%W" -> #VALUE! | HU1: ='SurveyRpt_20150223 (1)'!134:134-"h_l!%X" -> #VALUE! | HV1: ='SurveyRpt_20150223 (1)'!135:135-"h_l!%Y" -> #VALUE! | HW1: ='SurveyRpt_20150223 (1)'!136:136-"h_l!%Z" -> #VALUE! | HX1: ='SurveyRpt_20150223 (1)'!137:137-"h_l!%[" -> #VALUE! | HY1: ='SurveyRpt_20150223 (1)'!138:138-"h_l!%\" -> #VALUE! | HZ1: ='SurveyRpt_20150223 (1)'!139:139-"h_l!%]" -> #VALUE! | IA1: ='SurveyRpt_20150223 (1)'!140:140-"h_l!%^" -> #VALUE! | IB1: ='SurveyRpt_20150223 (1)'!141:141-"h_l!%_" -> #VALUE! | IC1: ='SurveyRpt_20150223 (1)'!142:142-"h_l!%`" -> #VALUE! | ID1: ='SurveyRpt_20150223 (1)'!143:143-"h_l!%a" -> #VALUE! | IE1: ='SurveyRpt_20150223 (1)'!144:144-"h_l!%b" -> #VALUE! | IF1: ='SurveyRpt_20150223 (1)'!145:145-"h_l!%c" -> #VALUE! | IG1: ='SurveyRpt_20150223 (1)'!146:146-"h_l!%d" -> #VALUE! | IH1: ='SurveyRpt_20150223 (1)'!147:147-"h_l!%e" -> #VALUE! | II1: ='SurveyRpt_20150223 (1)'!148:148-"h_l!%f" -> #VALUE! | IJ1: ='SurveyRpt_20150223 (1)'!149:149-"h_l!%g" -> #VALUE! | IK1: ='SurveyRpt_20150223 (1)'!150:150-"h_l!%h" -> #VALUE! | IL1: ='SurveyRpt_20150223 (1)'!151:151-"h_l!%i" -> #VALUE! | IM1: ='SurveyRpt_20150223 (1)'!152:152-"h_l!%j" -> #VALUE! | IN1: ='SurveyRpt_20150223 (1)'!153:153-"h_l!%k" -> #VALUE! | IO1: ='SurveyRpt_20150223 (1)'!154:154-"h_l!%l" -> #VALUE! | IP1: ='SurveyRpt_20150223 (1)'!155:155-"h_l!%m" -> #VALUE! | IQ1: ='SurveyRpt_20150223 (1)'!156:156-"h_l!%n" -> #VALUE! | IR1: ='SurveyRpt_20150223 (1)'!157:157-"h_l!%o" -> #VALUE! | IS1: ='SurveyRpt_20150223 (1)'!158:158-"h_l!%p" -> #VALUE! | IT1: ='SurveyRpt_20150223 (1)'!159:159-"h_l!%q" -> #VALUE! | IU1: ='SurveyRpt_20150223 (1)'!160:160-"h_l!%r" -> #VALUE! | IV1: ='SurveyRpt_20150223 (1)'!161:161-"h_l!%s" -> #VALUE!
A2: Adrian S Cuyugan_7143_CSC_Windows (32-bit) NT 6.01_ESMPJ1-084_acuyugan$$$27032015 | F2: ='SurveyRpt_20150223 (1)'!162:162-"h_l!%t" -> #VALUE! | G2: ='SurveyRpt_20150223 (1)'!163:163-"h_l!%u" -> #VALUE! | H2: ='SurveyRpt_20150223 (1)'!164:164-"h_l!%v" -> #VALUE! | I2: ='SurveyRpt_20150223 (1)'!165:165-"h_l!%w" -> #VALUE! | J2: ='SurveyRpt_20150223 (1)'!166:166-"h_l!%x" -> #VALUE! | K2: ='SurveyRpt_20150223 (1)'!167:167-"h_l!%y" -> #VALUE! | L2: ='SurveyRpt_20150223 (1)'!168:168-"h_l!%z" -> #VALUE! | M2: ='SurveyRpt_20150223 (1)'!169:169-"h_l!%{" -> #VALUE! | N2: ='SurveyRpt_20150223 (1)'!170:170-"h_l!%|" -> #VALUE! | O2: ='SurveyRpt_20150223 (1)'!171:171-"h_l!%}" -> #VALUE! | P2: ='SurveyRpt_20150223 (1)'!172:172-"h_l!%~" -> #VALUE! | Q2: ='SurveyRpt_20150223 (1)'!173:173-"h_l!&#" -> #VALUE! | R2: ='SurveyRpt_20150223 (1)'!174:174-"h_l!&$" -> #VALUE! | S2: ='SurveyRpt_20150223 (1)'!175:175-"h_l!&%" -> #VALUE! | T2: ='SurveyRpt_20150223 (1)'!176:176-"h_l!&&" -> #VALUE! | U2: ='SurveyRpt_20150223 (1)'!177:177-"h_l!&'" -> #VALUE! | V2: ='SurveyRpt_20150223 (1)'!178:178-"h_l!&(" -> #VALUE! | W2: ='SurveyRpt_20150223 (1)'!179:179-"h_l!&)" -> #VALUE! | X2: ='SurveyRpt_20150223 (1)'!180:180-"h_l!&." -> #VALUE! | Y2: ='SurveyRpt_20150223 (1)'!181:181-"h_l!&/" -> #VALUE! | Z2: ='SurveyRpt_20150223 (1)'!182:182-"h_l!&0" -> #VALUE! | AA2: ='SurveyRpt_20150223 (1)'!183:183-"h_l!&1" -> #VALUE! | AB2: ='SurveyRpt_20150223 (1)'!184:184-"h_l!&2" -> #VALUE! | AC2: ='SurveyRpt_20150223 (1)'!185:185-"h_l!&3" -> #VALUE! | AD2: ='SurveyRpt_20150223 (1)'!186:186-"h_l!&4" -> #VALUE! | AE2: ='SurveyRpt_20150223 (1)'!187:187-"h_l!&5" -> #VALUE! | AF2: ='SurveyRpt_20150223 (1)'!188:188-"h_l!&6" -> #VALUE! | AG2: ='SurveyRpt_20150223 (1)'!189:189-"h_l!&7" -> #VALUE! | AH2: ='SurveyRpt_20150223 (1)'!190:190-"h_l!&8" -> #VALUE! | AI2: ='SurveyRpt_20150223 (1)'!191:191-"h_l!&9" -> #VALUE! | AJ2: ='SurveyRpt_20150223 (1)'!192:192-"h_l!&:" -> #VALUE! | AK2: ='SurveyRpt_20150223 (1)'!193:193-"h_l!&;" -> #VALUE! | AL2: ='SurveyRpt_20150223 (1)'!194:194-"h_l!&<" -> #VALUE! | AM2: ='SurveyRpt_20150223 (1)'!195:195-"h_l!&=" -> #VALUE! | AN2: ='SurveyRpt_20150223 (1)'!196:196-"h_l!&>" -> #VALUE! | AO2: ='SurveyRpt_20150223 (1)'!197:197-"h_l!&?" -> #VALUE! | AP2: ='SurveyRpt_20150223 (1)'!198:198-"h_l!&@" -> #VALUE! | AQ2: ='SurveyRpt_20150223 (1)'!199:199-"h_l!&A" -> #VALUE! | AR2: ='SurveyRpt_20150223 (1)'!200:200-"h_l!&B" -> #VALUE! | AS2: ='SurveyRpt_20150223 (1)'!201:201-"h_l!&C" -> #VALUE! | AT2: ='SurveyRpt_20150223 (1)'!202:202-"h_l!&D" -> #VALUE! | AU2: ='SurveyRpt_20150223 (1)'!203:203-"h_l!&E" -> #VALUE! | AV2: ='SurveyRpt_20150223 (1)'!204:204-"h_l!&F" -> #VALUE! | AW2: ='SurveyRpt_20150223 (1)'!205:205-"h_l!&G" -> #VALUE! | AX2: ='SurveyRpt_20150223 (1)'!206:206-"h_l!&H" -> #VALUE! | AY2: ='SurveyRpt_20150223 (1)'!207:207-"h_l!&I" -> #VALUE! | AZ2: ='SurveyRpt_20150223 (1)'!208:208-"h_l!&J" -> #VALUE! | BA2: ='SurveyRpt_20150223 (1)'!209:209-"h_l!&K" -> #VALUE! | BB2: ='SurveyRpt_20150223 (1)'!210:210-"h_l!&L" -> #VALUE! | BC2: ='SurveyRpt_20150223 (1)'!211:211-"h_l!&M" -> #VALUE! | BD2: ='SurveyRpt_20150223 (1)'!212:212-"h_l!&N" -> #VALUE! | BE2: ='SurveyRpt_20150223 (1)'!213:213-"h_l!&O" -> #VALUE! | BF2: ='SurveyRpt_20150223 (1)'!214:214-"h_l!&P" -> #VALUE! | BG2: ='SurveyRpt_20150223 (1)'!215:215-"h_l!&Q" -> #VALUE! | BH2: ='SurveyRpt_20150223 (1)'!216:216-"h_l!&R" -> #VALUE! | BI2: ='SurveyRpt_20150223 (1)'!217:217-"h_l!&S" -> #VALUE! | BJ2: ='SurveyRpt_20150223 (1)'!218:218-"h_l!&T" -> #VALUE! | BK2: ='SurveyRpt_20150223 (1)'!219:219-"h_l!&U" -> #VALUE! | BL2: ='SurveyRpt_20150223 (1)'!220:220-"h_l!&V" -> #VALUE! | BM2: ='SurveyRpt_20150223 (1)'!221:221-"h_l!&W" -> #VALUE! | BN2: ='SurveyRpt_20150223 (1)'!222:222-"h_l!&X" -> #VALUE! | BO2: ='SurveyRpt_20150223 (1)'!223:223-"h_l!&Y" -> #VALUE! | BP2: ='SurveyRpt_20150223 (1)'!224:224-"h_l!&Z" -> #VALUE! | BQ2: ='SurveyRpt_20150223 (1)'!225:225-"h_l!&[" -> #VALUE! | BR2: ='SurveyRpt_20150223 (1)'!226:226-"h_l!&\" -> #VALUE! | BS2: ='SurveyRpt_20150223 (1)'!227:227-"h_l!&]" -> #VALUE! | BT2: ='SurveyRpt_20150223 (1)'!228:228-"h_l!&^" -> #VALUE! | BU2: ='SurveyRpt_20150223 (1)'!229:229-"h_l!&_" -> #VALUE! | BV2: ='SurveyRpt_20150223 (1)'!230:230-"h_l!&`" -> #VALUE! | BW2: ='SurveyRpt_20150223 (1)'!231:231-"h_l!&a" -> #VALUE! | BX2: ='SurveyRpt_20150223 (1)'!232:232-"h_l!&b" -> #VALUE! | BY2: ='SurveyRpt_20150223 (1)'!233:233-"h_l!&c" -> #VALUE! | BZ2: ='SurveyRpt_20150223 (1)'!234:234-"h_l!&d" -> #VALUE! | CA2: ='SurveyRpt_20150223 (1)'!235:235-"h_l!&e" -> #VALUE! | CB2: ='SurveyRpt_20150223 (1)'!236:236-"h_l!&f" -> #VALUE! | CC2: ='SurveyRpt_20150223 (1)'!237:237-"h_l!&g" -> #VALUE! | CD2: ='SurveyRpt_20150223 (1)'!238:238-"h_l!&h" -> #VALUE! | CE2: ='SurveyRpt_20150223 (1)'!239:239-"h_l!&i" -> #VALUE! | CF2: ='SurveyRpt_20150223 (1)'!240:240-"h_l!&j" -> #VALUE! | CG2: ='SurveyRpt_20150223 (1)'!241:241-"h_l!&k" -> #VALUE! | CH2: ='SurveyRpt_20150223 (1)'!242:242-"h_l!&l" -> #VALUE! | CI2: ='SurveyRpt_20150223 (1)'!243:243-"h_l!&m" -> #VALUE! | CJ2: ='SurveyRpt_20150223 (1)'!244:244-"h_l!&n" -> #VALUE! | CK2: ='SurveyRpt_20150223 (1)'!245:245-"h_l!&o" -> #VALUE! | CL2: ='SurveyRpt_20150223 (1)'!246:246-"h_l!&p" -> #VALUE! | CM2: ='SurveyRpt_20150223 (1)'!247:247-"h_l!&q" -> #VALUE! | CN2: ='SurveyRpt_20150223 (1)'!248:248-"h_l!&r" -> #VALUE! | CO2: ='SurveyRpt_20150223 (1)'!249:249-"h_l!&s" -> #VALUE! | CP2: ='SurveyRpt_20150223 (1)'!250:250-"h_l!&t" -> #VALUE! | CQ2: ='SurveyRpt_20150223 (1)'!251:251-"h_l!&u" -> #VALUE! | CR2: ='SurveyRpt_20150223 (1)'!252:252-"h_l!&v" -> #VALUE! | CS2: ='SurveyRpt_20150223 (1)'!253:253-"h_l!&w" -> #VALUE! | CT2: ='SurveyRpt_20150223 (1)'!254:254-"h_l!&x" -> #VALUE! | CU2: ='SurveyRpt_20150223 (1)'!255:255-"h_l!&y" -> #VALUE! | CV2: ='SurveyRpt_20150223 (1)'!256:256-"h_l!&z" -> #VALUE! | CW2: ='SurveyRpt_20150223 (1)'!257:257-"h_l!&{" -> #VALUE! | CX2: ='SurveyRpt_20150223 (1)'!258:258-"h_l!&|" -> #VALUE! | CY2: ='SurveyRpt_20150223 (1)'!259:259-"h_l!&}" -> #VALUE! | CZ2: ='SurveyRpt_20150223 (1)'!260:260-"h_l!&~" -> #VALUE! | DA2: ='SurveyRpt_20150223 (1)'!261:261-"h_l!'#" -> #VALUE! | DB2: ='SurveyRpt_20150223 (1)'!262:262-"h_l!'$" -> #VALUE! | DC2: ='SurveyRpt_20150223 (1)'!263:263-"h_l!'%" -> #VALUE! | DD2: ='SurveyRpt_20150223 (1)'!264:264-"h_l!'&" -> #VALUE! | DE2: ='SurveyRpt_20150223 (1)'!265:265-"h_l!''" -> #VALUE! | DF2: ='SurveyRpt_20150223 (1)'!266:266-"h_l!'(" -> #VALUE! | DG2: ='SurveyRpt_20150223 (1)'!267:267-"h_l!')" -> #VALUE! | DH2: ='SurveyRpt_20150223 (1)'!268:268-"h_l!'." -> #VALUE! | DI2: ='SurveyRpt_20150223 (1)'!269:269-"h_l!'/" -> #VALUE! | DJ2: ='SurveyRpt_20150223 (1)'!270:270-"h_l!'0" -> #VALUE! | DK2: ='SurveyRpt_20150223 (1)'!271:271-"h_l!'1" -> #VALUE! | DL2: ='SurveyRpt_20150223 (1)'!272:272-"h_l!'2" -> #VALUE! | DM2: ='SurveyRpt_20150223 (1)'!273:273-"h_l!'3" -> #VALUE! | DN2: ='SurveyRpt_20150223 (1)'!274:274-"h_l!'4" -> #VALUE! | DO2: ='SurveyRpt_20150223 (1)'!275:275-"h_l!'5" -> #VALUE! | DP2: ='SurveyRpt_20150223 (1)'!276:276-"h_l!'6" -> #VALUE! | DQ2: ='SurveyRpt_20150223 (1)'!277:277-"h_l!'7" -> #VALUE! | DR2: ='SurveyRpt_20150223 (1)'!278:278-"h_l!'8" -> #VALUE! | DS2: ='SurveyRpt_20150223 (1)'!279:279-"h_l!'9" -> #VALUE! | DT2: ='SurveyRpt_20150223 (1)'!280:280-"h_l!':" -> #VALUE! | DU2: ='SurveyRpt_20150223 (1)'!281:281-"h_l!';" -> #VALUE! | DV2: ='SurveyRpt_20150223 (1)'!282:282-"h_l!'<" -> #VALUE! | DW2: ='SurveyRpt_20150223 (1)'!283:283-"h_l!'=" -> #VALUE! | DX2: ='SurveyRpt_20150223 (1)'!284:284-"h_l!'>" -> #VALUE! | DY2: ='SurveyRpt_20150223 (1)'!285:285-"h_l!'?" -> #VALUE! | DZ2: ='SurveyRpt_20150223 (1)'!286:286-"h_l!'@" -> #VALUE! | EA2: ='SurveyRpt_20150223 (1)'!287:287-"h_l!'A" -> #VALUE! | EB2: ='SurveyRpt_20150223 (1)'!288:288-"h_l!'B" -> #VALUE! | EC2: ='SurveyRpt_20150223 (1)'!289:289-"h_l!'C" -> #VALUE! | ED2: ='SurveyRpt_20150223 (1)'!290:290-"h_l!'D" -> #VALUE! | EE2: ='SurveyRpt_20150223 (1)'!291:291-"h_l!'E" -> #VALUE! | EF2: ='SurveyRpt_20150223 (1)'!292:292-"h_l!'F" -> #VALUE! | EG2: ='SurveyRpt_20150223 (1)'!293:293-"h_l!'G" -> #VALUE! | EH2: ='SurveyRpt_20150223 (1)'!294:294-"h_l!'H" -> #VALUE! | EI2: ='SurveyRpt_20150223 (1)'!295:295-"h_l!'I" -> #VALUE! | EJ2: ='SurveyRpt_20150223 (1)'!296:296-"h_l!'J" -> #VALUE! | EK2: ='SurveyRpt_20150223 (1)'!297:297-"h_l!'K" -> #VALUE! | EL2: ='SurveyRpt_20150223 (1)'!298:298-"h_l!'L" -> #VALUE! | EM2: ='SurveyRpt_20150223 (1)'!299:299-"h_l!'M" -> #VALUE! | EN2: ='SurveyRpt_20150223 (1)'!300:300-"h_l!'N" -> #VALUE! | EO2: ='SurveyRpt_20150223 (1)'!301:301-"h_l!'O" -> #VALUE! | EP2: ='SurveyRpt_20150223 (1)'!302:302-"h_l!'P" -> #VALUE! | EQ2: ='SurveyRpt_20150223 (1)'!303:303-"h_l!'Q" -> #VALUE! | ER2: ='SurveyRpt_20150223 (1)'!304:304-"h_l!'R" -> #VALUE! | ES2: ='SurveyRpt_20150223 (1)'!305:305-"h_l!'S" -> #VALUE! | ET2: ='SurveyRpt_20150223 (1)'!306:306-"h_l!'T" -> #VALUE! | EU2: ='SurveyRpt_20150223 (1)'!307:307-"h_l!'U" -> #VALUE! | EV2: ='SurveyRpt_20150223 (1)'!308:308-"h_l!'V" -> #VALUE! | EW2: ='SurveyRpt_20150223 (1)'!309:309-"h_l!'W" -> #VALUE! | EX2: ='SurveyRpt_20150223 (1)'!310:310-"h_l!'X" -> #VALUE! | EY2: ='SurveyRpt_20150223 (1)'!311:311-"h_l!'Y" -> #VALUE! | EZ2: ='SurveyRpt_20150223 (1)'!312:312-"h_l!'Z" -> #VALUE! | FA2: ='SurveyRpt_20150223 (1)'!313:313-"h_l!'[" -> #VALUE! | FB2: ='SurveyRpt_20150223 (1)'!314:314-"h_l!'\" -> #VALUE! | FC2: ='SurveyRpt_20150223 (1)'!315:315-"h_l!']" -> #VALUE! | FD2: ='SurveyRpt_20150223 (1)'!316:316-"h_l!'^" -> #VALUE! | FE2: ='SurveyRpt_20150223 (1)'!317:317-"h_l!'_" -> #VALUE! | FF2: ='SurveyRpt_20150223 (1)'!318:318-"h_l!'`" -> #VALUE! | FG2: ='SurveyRpt_20150223 (1)'!319:319-"h_l!'a" -> #VALUE! | FH2: ='SurveyRpt_20150223 (1)'!320:320-"h_l!'b" -> #VALUE! | FI2: ='SurveyRpt_20150223 (1)'!321:321-"h_l!'c" -> #VALUE! | FJ2: ='SurveyRpt_20150223 (1)'!322:322-"h_l!'d" -> #VALUE! | FK2: ='SurveyRpt_20150223 (1)'!323:323-"h_l!'e" -> #VALUE! | FL2: ='SurveyRpt_20150223 (1)'!324:324-"h_l!'f" -> #VALUE! | FM2: ='SurveyRpt_20150223 (1)'!325:325-"h_l!'g" -> #VALUE! | FN2: ='SurveyRpt_20150223 (1)'!326:326-"h_l!'h" -> #VALUE! | FO2: ='SurveyRpt_20150223 (1)'!327:327-"h_l!'i" -> #VALUE! | FP2: ='SurveyRpt_20150223 (1)'!328:328-"h_l!'j" -> #VALUE! | FQ2: ='SurveyRpt_20150223 (1)'!329:329-"h_l!'k" -> #VALUE! | FR2: ='SurveyRpt_20150223 (1)'!330:330-"h_l!'l" -> #VALUE! | FS2: ='SurveyRpt_20150223 (1)'!331:331-"h_l!'m" -> #VALUE! | FT2: ='SurveyRpt_20150223 (1)'!332:332-"h_l!'n" -> #VALUE! | FU2: ='SurveyRpt_20150223 (1)'!333:333-"h_l!'o" -> #VALUE! | FV2: ='SurveyRpt_20150223 (1)'!334:334-"h_l!'p" -> #VALUE! | FW2: ='SurveyRpt_20150223 (1)'!335:335-"h_l!'q" -> #VALUE! | FX2: ='SurveyRpt_20150223 (1)'!336:336-"h_l!'r" -> #VALUE! | FY2: ='SurveyRpt_20150223 (1)'!337:337-"h_l!'s" -> #VALUE! | FZ2: ='SurveyRpt_20150223 (1)'!338:338-"h_l!'t" -> #VALUE! | GA2: ='SurveyRpt_20150223 (1)'!339:339-"h_l!'u" -> #VALUE! | GB2: ='SurveyRpt_20150223 (1)'!340:340-"h_l!'v" -> #VALUE! | GC2: ='SurveyRpt_20150223 (1)'!341:341-"h_l!'w" -> #VALUE! | GD2: ='SurveyRpt_20150223 (1)'!342:342-"h_l!'x" -> #VALUE! | GE2: ='SurveyRpt_20150223 (1)'!343:343-"h_l!'y" -> #VALUE! | GF2: ='SurveyRpt_20150223 (1)'!344:344-"h_l!'z" -> #VALUE! | GG2: ='SurveyRpt_20150223 (1)'!345:345-"h_l!'{" -> #VALUE! | GH2: ='SurveyRpt_20150223 (1)'!346:346-"h_l!'|" -> #VALUE! | GI2: ='SurveyRpt_20150223 (1)'!347:347-"h_l!'}" -> #VALUE! | GJ2: ='SurveyRpt_20150223 (1)'!348:348-"h_l!'~" -> #VALUE! | GK2: ='SurveyRpt_20150223 (1)'!349:349-"h_l!(#" -> #VALUE! | GL2: ='SurveyRpt_20150223 (1)'!350:350-"h_l!($" -> #VALUE! | GM2: ='SurveyRpt_20150223 (1)'!351:351-"h_l!(%" -> #VALUE! | GN2: ='SurveyRpt_20150223 (1)'!352:352-"h_l!(&" -> #VALUE! | GO2: ='SurveyRpt_20150223 (1)'!353:353-"h_l!('" -> #VALUE! | GP2: ='SurveyRpt_20150223 (1)'!354:354-"h_l!((" -> #VALUE! | GQ2: ='SurveyRpt_20150223 (1)'!355:355-"h_l!()" -> #VALUE! | GR2: ='SurveyRpt_20150223 (1)'!356:356-"h_l!(." -> #VALUE! | GS2: ='SurveyRpt_20150223 (1)'!357:357-"h_l!(/" -> #VALUE! | GT2: ='SurveyRpt_20150223 (1)'!358:358-"h_l!(0" -> #VALUE! | GU2: ='SurveyRpt_20150223 (1)'!359:359-"h_l!(1" -> #VALUE! | GV2: ='SurveyRpt_20150223 (1)'!360:360-"h_l!(2" -> #VALUE! | GW2: ='SurveyRpt_20150223 (1)'!361:361-"h_l!(3" -> #VALUE! | GX2: ='SurveyRpt_20150223 (1)'!362:362-"h_l!(4" -> #VALUE! | GY2: ='SurveyRpt_20150223 (1)'!363:363-"h_l!(5" -> #VALUE! | GZ2: ='SurveyRpt_20150223 (1)'!364:364-"h_l!(6" -> #VALUE! | HA2: ='SurveyRpt_20150223 (1)'!365:365-"h_l!(7" -> #VALUE! | HB2: ='SurveyRpt_20150223 (1)'!366:366-"h_l!(8" -> #VALUE! | HC2: ='SurveyRpt_20150223 (1)'!367:367-"h_l!(9" -> #VALUE! | HD2: ='SurveyRpt_20150223 (1)'!368:368-"h_l!(:" -> #VALUE! | HE2: ='SurveyRpt_20150223 (1)'!369:369-"h_l!(;" -> #VALUE! | HF2: ='SurveyRpt_20150223 (1)'!370:370-"h_l!(<" -> #VALUE! | HG2: ='SurveyRpt_20150223 (1)'!371:371-"h_l!(=" -> #VALUE! | HH2: ='SurveyRpt_20150223 (1)'!372:372-"h_l!(>" -> #VALUE! | HI2: ='SurveyRpt_20150223 (1)'!373:373-"h_l!(?" -> #VALUE! | HJ2: ='SurveyRpt_20150223 (1)'!374:374-"h_l!(@" -> #VALUE! | HK2: ='SurveyRpt_20150223 (1)'!375:375-"h_l!(A" -> #VALUE! | HL2: ='SurveyRpt_20150223 (1)'!376:376-"h_l!(B" -> #VALUE! | HM2: ='SurveyRpt_20150223 (1)'!377:377-"h_l!(C" -> #VALUE! | HN2: ='SurveyRpt_20150223 (1)'!378:378-"h_l!(D" -> #VALUE! | HO2: ='SurveyRpt_20150223 (1)'!379:379-"h_l!(E" -> #VALUE! | HP2: ='SurveyRpt_20150223 (1)'!380:380-"h_l!(F" -> #VALUE! | HQ2: ='SurveyRpt_20150223 (1)'!381:381-"h_l!(G" -> #VALUE! | HR2: ='SurveyRpt_20150223 (1)'!382:382-"h_l!(H" -> #VALUE! | HS2: ='SurveyRpt_20150223 (1)'!383:383-"h_l!(I" -> #VALUE! | HT2: ='SurveyRpt_20150223 (1)'!384:384-"h_l!(J" -> #VALUE! | HU2: ='SurveyRpt_20150223 (1)'!385:385-"h_l!(K" -> #VALUE! | HV2: ='SurveyRpt_20150223 (1)'!386:386-"h_l!(L" -> #VALUE! | HW2: ='SurveyRpt_20150223 (1)'!387:387-"h_l!(M" -> #VALUE! | HX2: ='SurveyRpt_20150223 (1)'!388:388-"h_l!(N" -> #VALUE! | HY2: ='SurveyRpt_20150223 (1)'!389:389-"h_l!(O" -> #VALUE! | HZ2: ='SurveyRpt_20150223 (1)'!390:390-"h_l!(P" -> #VALUE! | IA2: ='SurveyRpt_20150223 (1)'!391:391-"h_l!(Q" -> #VALUE! | IB2: ='SurveyRpt_20150223 (1)'!392:392-"h_l!(R" -> #VALUE! | IC2: ='SurveyRpt_20150223 (1)'!393:393-"h_l!(S" -> #VALUE! | ID2: ='SurveyRpt_20150223 (1)'!394:394-"h_l!(T" -> #VALUE! | IE2: ='SurveyRpt_20150223 (1)'!395:395-"h_l!(U" -> #VALUE! | IF2: ='SurveyRpt_20150223 (1)'!396:396-"h_l!(V" -> #VALUE! | IG2: ='SurveyRpt_20150223 (1)'!397:397-"h_l!(W" -> #VALUE! | IH2: ='SurveyRpt_20150223 (1)'!398:398-"h_l!(X" -> #VALUE! | II2: ='SurveyRpt_20150223 (1)'!399:399-"h_l!(Y" -> #VALUE! | IJ2: ='SurveyRpt_20150223 (1)'!400:400-"h_l!(Z" -> #VALUE! | IK2: ='SurveyRpt_20150223 (1)'!401:401-"h_l!([" -> #VALUE! | IL2: ='SurveyRpt_20150223 (1)'!402:402-"h_l!(\" -> #VALUE! | IM2: ='SurveyRpt_20150223 (1)'!403:403-"h_l!(]" -> #VALUE! | IN2: ='SurveyRpt_20150223 (1)'!404:404-"h_l!(^" -> #VALUE! | IO2: ='SurveyRpt_20150223 (1)'!405:405-"h_l!(_" -> #VALUE! | IP2: ='SurveyRpt_20150223 (1)'!406:406-"h_l!(`" -> #VALUE! | IQ2: ='SurveyRpt_20150223 (1)'!407:407-"h_l!(a" -> #VALUE! | IR2: ='SurveyRpt_20150223 (1)'!408:408-"h_l!(b" -> #VALUE! | IS2: ='SurveyRpt_20150223 (1)'!409:409-"h_l!(c" -> #VALUE! | IT2: ='SurveyRpt_20150223 (1)'!410:410-"h_l!(d" -> #VALUE! | IU2: ='SurveyRpt_20150223 (1)'!411:411-"h_l!(e" -> #VALUE! | IV2: ='SurveyRpt_20150223 (1)'!412:412-"h_l!(f" -> #VALUE!
A3: "h_l!64617" | F3: ='SurveyRpt_20150223 (1)'!413:413-"h_l!(g" -> #VALUE! | G3: ='SurveyRpt_20150223 (1)'!414:414-"h_l!(h" -> #VALUE! | H3: ='SurveyRpt_20150223 (1)'!415:415-"h_l!(i" -> #VALUE! | I3: ='SurveyRpt_20150223 (1)'!416:416-"h_l!(j" -> #VALUE! | J3: ='SurveyRpt_20150223 (1)'!417:417-"h_l!(k" -> #VALUE! | K3: ='SurveyRpt_20150223 (1)'!418:418-"h_l!(l" -> #VALUE! | L3: ='SurveyRpt_20150223 (1)'!419:419-"h_l!(m" -> #VALUE! | M3: ='SurveyRpt_20150223 (1)'!420:420-"h_l!(n" -> #VALUE! | N3: ='SurveyRpt_20150223 (1)'!421:421-"h_l!(o" -> #VALUE! | O3: ='SurveyRpt_20150223 (1)'!422:422-"h_l!(p" -> #VALUE! | P3: ='SurveyRpt_20150223 (1)'!423:423-"h_l!(q" -> #VALUE! | Q3: ='SurveyRpt_20150223 (1)'!424:424-"h_l!(r" -> #VALUE! | R3: ='SurveyRpt_20150223 (1)'!425:425-"h_l!(s" -> #VALUE! | S3: ='SurveyRpt_20150223 (1)'!426:426-"h_l!(t" -> #VALUE! | T3: ='SurveyRpt_20150223 (1)'!427:427-"h_l!(u" -> #VALUE! | U3: ='SurveyRpt_20150223 (1)'!428:428-"h_l!(v" -> #VALUE! | V3: ='SurveyRpt_20150223 (1)'!429:429-"h_l!(w" -> #VALUE! | W3: ='SurveyRpt_20150223 (1)'!430:430-"h_l!(x" -> #VALUE! | X3: ='SurveyRpt_20150223 (1)'!431:431-"h_l!(y" -> #VALUE! | Y3: ='SurveyRpt_20150223 (1)'!432:432-"h_l!(z" -> #VALUE! | Z3: ='SurveyRpt_20150223 (1)'!433:433-"h_l!({" -> #VALUE! | AA3: ='SurveyRpt_20150223 (1)'!434:434-"h_l!(|" -> #VALUE! | AB3: ='SurveyRpt_20150223 (1)'!435:435-"h_l!(}" -> #VALUE! | AC3: ='SurveyRpt_20150223 (1)'!436:436-"h_l!(~" -> #VALUE! | AD3: ='SurveyRpt_20150223 (1)'!437:437-"h_l!)#" -> #VALUE! | AE3: ='SurveyRpt_20150223 (1)'!438:438-"h_l!)$" -> #VALUE! | AF3: ='SurveyRpt_20150223 (1)'!439:439-"h_l!)%" -> #VALUE! | AG3: ='SurveyRpt_20150223 (1)'!440:440-"h_l!)&" -> #VALUE! | AH3: ='SurveyRpt_20150223 (1)'!441:441-"h_l!)'" -> #VALUE! | AI3: ='SurveyRpt_20150223 (1)'!442:442-"h_l!)(" -> #VALUE! | AJ3: ='SurveyRpt_20150223 (1)'!443:443-"h_l!))" -> #VALUE! | AK3: ='SurveyRpt_20150223 (1)'!444:444-"h_l!)." -> #VALUE! | AL3: ='SurveyRpt_20150223 (1)'!445:445-"h_l!)/" -> #VALUE! | AM3: ='SurveyRpt_20150223 (1)'!446:446-"h_l!)0" -> #VALUE! | AN3: ='SurveyRpt_20150223 (1)'!447:447-"h_l!)1" -> #VALUE! | AO3: ='SurveyRpt_20150223 (1)'!448:448-"h_l!)2" -> #VALUE! | AP3: ='SurveyRpt_20150223 (1)'!449:449-"h_l!)3" -> #VALUE! | AQ3: ='SurveyRpt_20150223 (1)'!450:450-"h_l!)4" -> #VALUE! | AR3: ='SurveyRpt_20150223 (1)'!451:451-"h_l!)5" -> #VALUE! | AS3: ='SurveyRpt_20150223 (1)'!452:452-"h_l!)6" -> #VALUE! | AT3: ='SurveyRpt_20150223 (1)'!453:453-"h_l!)7" -> #VALUE! | AU3: ='SurveyRpt_20150223 (1)'!454:454-"h_l!)8" -> #VALUE! | AV3: ='SurveyRpt_20150223 (1)'!455:455-"h_l!)9" -> #VALUE! | AW3: ='SurveyRpt_20150223 (1)'!456:456-"h_l!):" -> #VALUE! | AX3: ='SurveyRpt_20150223 (1)'!457:457-"h_l!);" -> #VALUE! | AY3: ='SurveyRpt_20150223 (1)'!458:458-"h_l!)<" -> #VALUE! | AZ3: ='SurveyRpt_20150223 (1)'!459:459-"h_l!)=" -> #VALUE! | BA3: ='SurveyRpt_20150223 (1)'!460:460-"h_l!)>" -> #VALUE! | BB3: ='SurveyRpt_20150223 (1)'!461:461-"h_l!)?" -> #VALUE! | BC3: ='SurveyRpt_20150223 (1)'!462:462-"h_l!)@" -> #VALUE! | BD3: ='SurveyRpt_20150223 (1)'!463:463-"h_l!)A" -> #VALUE! | BE3: ='SurveyRpt_20150223 (1)'!464:464-"h_l!)B" -> #VALUE! | BF3: ='SurveyRpt_20150223 (1)'!465:465-"h_l!)C" -> #VALUE! | BG3: ='SurveyRpt_20150223 (1)'!466:466-"h_l!)D" -> #VALUE! | BH3: ='SurveyRpt_20150223 (1)'!467:467-"h_l!)E" -> #VALUE! | BI3: ='SurveyRpt_20150223 (1)'!468:468-"h_l!)F" -> #VALUE! | BJ3: ='SurveyRpt_20150223 (1)'!469:469-"h_l!)G" -> #VALUE! | BK3: ='SurveyRpt_20150223 (1)'!470:470-"h_l!)H" -> #VALUE! | BL3: ='SurveyRpt_20150223 (1)'!471:471-"h_l!)I" -> #VALUE! | BM3: ='SurveyRpt_20150223 (1)'!472:472-"h_l!)J" -> #VALUE! | BN3: ='SurveyRpt_20150223 (1)'!473:473-"h_l!)K" -> #VALUE! | BO3: ='SurveyRpt_20150223 (1)'!474:474-"h_l!)L" -> #VALUE! | BP3: ='SurveyRpt_20150223 (1)'!475:475-"h_l!)M" -> #VALUE! | BQ3: ='SurveyRpt_20150223 (1)'!476:476-"h_l!)N" -> #VALUE! | BR3: ='SurveyRpt_20150223 (1)'!477:477-"h_l!)O" -> #VALUE! | BS3: ='SurveyRpt_20150223 (1)'!478:478-"h_l!)P" -> #VALUE! | BT3: ='SurveyRpt_20150223 (1)'!479:479-"h_l!)Q" -> #VALUE! | BU3: ='SurveyRpt_20150223 (1)'!480:480-"h_l!)R" -> #VALUE! | BV3: ='SurveyRpt_20150223 (1)'!481:481-"h_l!)S" -> #VALUE! | BW3: ='SurveyRpt_20150223 (1)'!482:482-"h_l!)T" -> #VALUE! | BX3: ='SurveyRpt_20150223 (1)'!483:483-"h_l!)U" -> #VALUE! | BY3: ='SurveyRpt_20150223 (1)'!484:484-"h_l!)V" -> #VALUE! | BZ3: ='SurveyRpt_20150223 (1)'!485:485-"h_l!)W" -> #VALUE! | CA3: ='SurveyRpt_20150223 (1)'!486:486-"h_l!)X" -> #VALUE! | CB3: ='SurveyRpt_20150223 (1)'!487:487-"h_l!)Y" -> #VALUE! | CC3: ='SurveyRpt_20150223 (1)'!488:488-"h_l!)Z" -> #VALUE! | CD3: ='SurveyRpt_20150223 (1)'!489:489-"h_l!)[" -> #VALUE! | CE3: ='SurveyRpt_20150223 (1)'!490:490-"h_l!)\" -> #VALUE! | CF3: ='SurveyRpt_20150223 (1)'!491:491-"h_l!)]" -> #VALUE! | CG3: ='SurveyRpt_20150223 (1)'!492:492-"h_l!)^" -> #VALUE! | CH3: ='SurveyRpt_20150223 (1)'!493:493-"h_l!)_" -> #VALUE! | CI3: ='SurveyRpt_20150223 (1)'!494:494-"h_l!)`" -> #VALUE! | CJ3: ='SurveyRpt_20150223 (1)'!495:495-"h_l!)a" -> #VALUE! | CK3: ='SurveyRpt_20150223 (1)'!496:496-"h_l!)b" -> #VALUE! | CL3: ='SurveyRpt_20150223 (1)'!497:497-"h_l!)c" -> #VALUE! | CM3: ='SurveyRpt_20150223 (1)'!498:498-"h_l!)d" -> #VALUE! | CN3: ='SurveyRpt_20150223 (1)'!499:499-"h_l!)e" -> #VALUE! | CO3: ='SurveyRpt_20150223 (1)'!500:500-"h_l!)f" -> #VALUE! | CP3: ='SurveyRpt_20150223 (1)'!501:501-"h_l!)g" -> #VALUE! | CQ3: ='SurveyRpt_20150223 (1)'!502:502-"h_l!)h" -> #VALUE! | CR3: ='SurveyRpt_20150223 (1)'!503:503-"h_l!)i" -> #VALUE! | CS3: ='SurveyRpt_20150223 (1)'!504:504-"h_l!)j" -> #VALUE! | CT3: ='SurveyRpt_20150223 (1)'!505:505-"h_l!)k" -> #VALUE! | CU3: ='SurveyRpt_20150223 (1)'!506:506-"h_l!)l" -> #VALUE! | CV3: ='SurveyRpt_20150223 (1)'!507:507-"h_l!)m" -> #VALUE! | CW3: ='SurveyRpt_20150223 (1)'!508:508-"h_l!)n" -> #VALUE! | CX3: ='SurveyRpt_20150223 (1)'!509:509-"h_l!)o" -> #VALUE! | CY3: ='SurveyRpt_20150223 (1)'!510:510-"h_l!)p" -> #VALUE! | CZ3: ='SurveyRpt_20150223 (1)'!511:511-"h_l!)q" -> #VALUE! | DA3: ='SurveyRpt_20150223 (1)'!512:512-"h_l!)r" -> #VALUE! | DB3: ='SurveyRpt_20150223 (1)'!513:513-"h_l!)s" -> #VALUE! | DC3: ='SurveyRpt_20150223 (1)'!514:514-"h_l!)t" -> #VALUE! | DD3: ='SurveyRpt_20150223 (1)'!515:515-"h_l!)u" -> #VALUE! | DE3: ='SurveyRpt_20150223 (1)'!516:516-"h_l!)v" -> #VALUE! | DF3: ='SurveyRpt_20150223 (1)'!517:517-"h_l!)w" -> #VALUE! | DG3: ='SurveyRpt_20150223 (1)'!518:518-"h_l!)x" -> #VALUE! | DH3: ='SurveyRpt_20150223 (1)'!519:519-"h_l!)y" -> #VALUE! | DI3: ='SurveyRpt_20150223 (1)'!520:520-"h_l!)z" -> #VALUE! | DJ3: ='SurveyRpt_20150223 (1)'!521:521-"h_l!){" -> #VALUE! | DK3: ='SurveyRpt_20150223 (1)'!522:522-"h_l!)|" -> #VALUE! | DL3: ='SurveyRpt_20150223 (1)'!523:523-"h_l!)}" -> #VALUE! | DM3: ='SurveyRpt_20150223 (1)'!524:524-"h_l!)~" -> #VALUE! | DN3: ='SurveyRpt_20150223 (1)'!525:525-"h_l!.#" -> #VALUE! | DO3: ='SurveyRpt_20150223 (1)'!526:526-"h_l!.$" -> #VALUE! | DP3: ='SurveyRpt_20150223 (1)'!527:527-"h_l!.%" -> #VALUE! | DQ3: ='SurveyRpt_20150223 (1)'!528:528-"h_l!.&" -> #VALUE! | DR3: ='SurveyRpt_20150223 (1)'!529:529-"h_l!.'" -> #VALUE! | DS3: ='SurveyRpt_20150223 (1)'!530:530-"h_l!.(" -> #VALUE! | DT3: ='SurveyRpt_20150223 (1)'!531:531-"h_l!.)" -> #VALUE! | DU3: ='SurveyRpt_20150223 (1)'!532:532-"h_l!.." -> #VALUE! | DV3: ='SurveyRpt_20150223 (1)'!533:533-"h_l!./" -> #VALUE! | DW3: ='SurveyRpt_20150223 (1)'!534:534-"h_l!.0" -> #VALUE! | DX3: ='SurveyRpt_20150223 (1)'!535:535-"h_l!.1" -> #VALUE! | DY3: ='SurveyRpt_20150223 (1)'!536:536-"h_l!.2" -> #VALUE! | DZ3: ='SurveyRpt_20150223 (1)'!537:537-"h_l!.3" -> #VALUE! | EA3: ='SurveyRpt_20150223 (1)'!538:538-"h_l!.4" -> #VALUE! | EB3: ='SurveyRpt_20150223 (1)'!539:539-"h_l!.5" -> #VALUE! | EC3: ='SurveyRpt_20150223 (1)'!540:540-"h_l!.6" -> #VALUE! | ED3: ='SurveyRpt_20150223 (1)'!541:541-"h_l!.7" -> #VALUE! | EE3: ='SurveyRpt_20150223 (1)'!542:542-"h_l!.8" -> #VALUE! | EF3: ='SurveyRpt_20150223 (1)'!543:543-"h_l!.9" -> #VALUE! | EG3: ='SurveyRpt_20150223 (1)'!544:544-"h_l!.:" -> #VALUE! | EH3: ='SurveyRpt_20150223 (1)'!545:545-"h_l!.;" -> #VALUE! | EI3: ='SurveyRpt_20150223 (1)'!546:546-"h_l!.<" -> #VALUE! | EJ3: ='SurveyRpt_20150223 (1)'!547:547-"h_l!.=" -> #VALUE! | EK3: ='SurveyRpt_20150223 (1)'!548:548-"h_l!.>" -> #VALUE! | EL3: ='SurveyRpt_20150223 (1)'!549:549-"h_l!.?" -> #VALUE! | EM3: ='SurveyRpt_20150223 (1)'!550:550-"h_l!.@" -> #VALUE! | EN3: ='SurveyRpt_20150223 (1)'!551:551-"h_l!.A" -> #VALUE! | EO3: ='SurveyRpt_20150223 (1)'!552:552-"h_l!.B" -> #VALUE! | EP3: ='SurveyRpt_20150223 (1)'!553:553-"h_l!.C" -> #VALUE! | EQ3: ='SurveyRpt_20150223 (1)'!554:554-"h_l!.D" -> #VALUE! | ER3: ='SurveyRpt_20150223 (1)'!555:555-"h_l!.E" -> #VALUE! | ES3: ='SurveyRpt_20150223 (1)'!556:556-"h_l!.F" -> #VALUE! | ET3: ='SurveyRpt_20150223 (1)'!557:557-"h_l!.G" -> #VALUE! | EU3: ='SurveyRpt_20150223 (1)'!558:558-"h_l!.H" -> #VALUE! | EV3: ='SurveyRpt_20150223 (1)'!559:559-"h_l!.I" -> #VALUE! | EW3: ='SurveyRpt_20150223 (1)'!560:560-"h_l!.J" -> #VALUE! | EX3: ='SurveyRpt_20150223 (1)'!561:561-"h_l!.K" -> #VALUE! | EY3: ='SurveyRpt_20150223 (1)'!562:562-"h_l!.L" -> #VALUE! | EZ3: ='SurveyRpt_20150223 (1)'!563:563-"h_l!.M" -> #VALUE! | FA3: ='SurveyRpt_20150223 (1)'!564:564-"h_l!.N" -> #VALUE! | FB3: ='SurveyRpt_20150223 (1)'!565:565-"h_l!.O" -> #VALUE! | FC3: ='SurveyRpt_20150223 (1)'!566:566-"h_l!.P" -> #VALUE! | FD3: ='SurveyRpt_20150223 (1)'!567:567-"h_l!.Q" -> #VALUE! | FE3: ='SurveyRpt_20150223 (1)'!568:568-"h_l!.R" -> #VALUE! | FF3: ='SurveyRpt_20150223 (1)'!569:569-"h_l!.S" -> #VALUE! | FG3: ='SurveyRpt_20150223 (1)'!570:570-"h_l!.T" -> #VALUE! | FH3: ='SurveyRpt_20150223 (1)'!571:571-"h_l!.U" -> #VALUE! | FI3: ='SurveyRpt_20150223 (1)'!572:572-"h_l!.V" -> #VALUE! | FJ3: ='SurveyRpt_20150223 (1)'!573:573-"h_l!.W" -> #VALUE! | FK3: ='SurveyRpt_20150223 (1)'!574:574-"h_l!.X" -> #VALUE! | FL3: ='SurveyRpt_20150223 (1)'!575:575-"h_l!.Y" -> #VALUE! | FM3: ='SurveyRpt_20150223 (1)'!576:576-"h_l!.Z" -> #VALUE! | FN3: ='SurveyRpt_20150223 (1)'!577:577-"h_l!.[" -> #VALUE! | FO3: ='SurveyRpt_20150223 (1)'!578:578-"h_l!.\" -> #VALUE! | FP3: ='SurveyRpt_20150223 (1)'!579:579-"h_l!.]" -> #VALUE! | FQ3: ='SurveyRpt_20150223 (1)'!580:580-"h_l!.^" -> #VALUE! | FR3: ='SurveyRpt_20150223 (1)'!581:581-"h_l!._" -> #VALUE! | FS3: ='SurveyRpt_20150223 (1)'!582:582-"h_l!.`" -> #VALUE! | FT3: ='SurveyRpt_20150223 (1)'!583:583-"h_l!.a" -> #VALUE! | FU3: ='SurveyRpt_20150223 (1)'!584:584-"h_l!.b" -> #VALUE! | FV3: ='SurveyRpt_20150223 (1)'!585:585-"h_l!.c" -> #VALUE! | FW3: ='SurveyRpt_20150223 (1)'!586:586-"h_l!.d" -> #VALUE! | FX3: ='SurveyRpt_20150223 (1)'!587:587-"h_l!.e" -> #VALUE! | FY3: ='SurveyRpt_20150223 (1)'!588:588-"h_l!.f" -> #VALUE! | FZ3: ='SurveyRpt_20150223 (1)'!589:589-"h_l!.g" -> #VALUE! | GA3: ='SurveyRpt_20150223 (1)'!590:590-"h_l!.h" -> #VALUE! | GB3: ='SurveyRpt_20150223 (1)'!591:591-"h_l!.i" -> #VALUE! | GC3: ='SurveyRpt_20150223 (1)'!592:592-"h_l!.j" -> #VALUE! | GD3: ='SurveyRpt_20150223 (1)'!593:593-"h_l!.k" -> #VALUE! | GE3: ='SurveyRpt_20150223 (1)'!594:594-"h_l!.l" -> #VALUE! | GF3: ='SurveyRpt_20150223 (1)'!595:595-"h_l!.m" -> #VALUE! | GG3: ='SurveyRpt_20150223 (1)'!596:596-"h_l!.n" -> #VALUE! | GH3: ='SurveyRpt_20150223 (1)'!597:597-"h_l!.o" -> #VALUE! | GI3: ='SurveyRpt_20150223 (1)'!598:598-"h_l!.p" -> #VALUE! | GJ3: ='SurveyRpt_20150223 (1)'!599:599-"h_l!.q" -> #VALUE! | GK3: ='SurveyRpt_20150223 (1)'!600:600-"h_l!.r" -> #VALUE! | GL3: ='SurveyRpt_20150223 (1)'!601:601-"h_l!.s" -> #VALUE! | GM3: ='SurveyRpt_20150223 (1)'!602:602-"h_l!.t" -> #VALUE! | GN3: ='SurveyRpt_20150223 (1)'!603:603-"h_l!.u" -> #VALUE! | GO3: ='SurveyRpt_20150223 (1)'!604:604-"h_l!.v" -> #VALUE! | GP3: ='SurveyRpt_20150223 (1)'!605:605-"h_l!.w" -> #VALUE! | GQ3: ='SurveyRpt_20150223 (1)'!606:606-"h_l!.x" -> #VALUE! | GR3: ='SurveyRpt_20150223 (1)'!607:607-"h_l!.y" -> #VALUE! | GS3: ='SurveyRpt_20150223 (1)'!608:608-"h_l!.z" -> #VALUE! | GT3: ='SurveyRpt_20150223 (1)'!609:609-"h_l!.{" -> #VALUE! | GU3: ='SurveyRpt_20150223 (1)'!610:610-"h_l!.|" -> #VALUE! | GV3: ='SurveyRpt_20150223 (1)'!611:611-"h_l!.}" -> #VALUE! | GW3: ='SurveyRpt_20150223 (1)'!612:612-"h_l!.~" -> #VALUE! | GX3: ='SurveyRpt_20150223 (1)'!613:613-"h_l!/#" -> #VALUE! | GY3: ='SurveyRpt_20150223 (1)'!614:614-"h_l!/$" -> #VALUE! | GZ3: ='SurveyRpt_20150223 (1)'!615:615-"h_l!/%" -> #VALUE! | HA3: ='SurveyRpt_20150223 (1)'!616:616-"h_l!/&" -> #VALUE! | HB3: ='SurveyRpt_20150223 (1)'!617:617-"h_l!/'" -> #VALUE! | HC3: ='SurveyRpt_20150223 (1)'!618:618-"h_l!/(" -> #VALUE! | HD3: ='SurveyRpt_20150223 (1)'!619:619-"h_l!/)" -> #VALUE! | HE3: ='SurveyRpt_20150223 (1)'!620:620-"h_l!/." -> #VALUE! | HF3: ='SurveyRpt_20150223 (1)'!621:621-"h_l!//" -> #VALUE! | HG3: ='SurveyRpt_20150223 (1)'!622:622-"h_l!/0" -> #VALUE! | HH3: ='SurveyRpt_20150223 (1)'!623:623-"h_l!/1" -> #VALUE! | HI3: ='SurveyRpt_20150223 (1)'!624:624-"h_l!/2" -> #VALUE! | HJ3: ='SurveyRpt_20150223 (1)'!625:625-"h_l!/3" -> #VALUE! | HK3: ='SurveyRpt_20150223 (1)'!626:626-"h_l!/4" -> #VALUE! | HL3: ='SurveyRpt_20150223 (1)'!627:627-"h_l!/5" -> #VALUE! | HM3: ='SurveyRpt_20150223 (1)'!628:628-"h_l!/6" -> #VALUE! | HN3: ='SurveyRpt_20150223 (1)'!629:629-"h_l!/7" -> #VALUE! | HO3: ='SurveyRpt_20150223 (1)'!630:630-"h_l!/8" -> #VALUE! | HP3: ='SurveyRpt_20150223 (1)'!631:631-"h_l!/9" -> #VALUE! | HQ3: ='SurveyRpt_20150223 (1)'!632:632-"h_l!/:" -> #VALUE! | HR3: ='SurveyRpt_20150223 (1)'!633:633-"h_l!/;" -> #VALUE! | HS3: ='SurveyRpt_20150223 (1)'!634:634-"h_l!/<" -> #VALUE! | HT3: ='SurveyRpt_20150223 (1)'!635:635-"h_l!/=" -> #VALUE! | HU3: ='SurveyRpt_20150223 (1)'!636:636-"h_l!/>" -> #VALUE! | HV3: ='SurveyRpt_20150223 (1)'!637:637-"h_l!/?" -> #VALUE! | HW3: ='SurveyRpt_20150223 (1)'!638:638-"h_l!/@" -> #VALUE! | HX3: ='SurveyRpt_20150223 (1)'!639:639-"h_l!/A" -> #VALUE! | HY3: ='SurveyRpt_20150223 (1)'!640:640-"h_l!/B" -> #VALUE! | HZ3: ='SurveyRpt_20150223 (1)'!641:641-"h_l!/C" -> #VALUE! | IA3: ='SurveyRpt_20150223 (1)'!642:642-"h_l!/D" -> #VALUE! | IB3: ='SurveyRpt_20150223 (1)'!643:643-"h_l!/E" -> #VALUE! | IC3: ='SurveyRpt_20150223 (1)'!644:644-"h_l!/F" -> #VALUE! | ID3: ='SurveyRpt_20150223 (1)'!645:645-"h_l!/G" -> #VALUE! | IE3: ='SurveyRpt_20150223 (1)'!646:646-"h_l!/H" -> #VALUE! | IF3: ='SurveyRpt_20150223 (1)'!647:647-"h_l!/I" -> #VALUE! | IG3: ='SurveyRpt_20150223 (1)'!648:648-"h_l!/J" -> #VALUE! | IH3: ='SurveyRpt_20150223 (1)'!649:649-"h_l!/K" -> #VALUE! | II3: ='SurveyRpt_20150223 (1)'!650:650-"h_l!/L" -> #VALUE! | IJ3: ='SurveyRpt_20150223 (1)'!651:651-"h_l!/M" -> #VALUE! | IK3: ='SurveyRpt_20150223 (1)'!652:652-"h_l!/N" -> #VALUE! | IL3: ='SurveyRpt_20150223 (1)'!653:653-"h_l!/O" -> #VALUE! | IM3: ='SurveyRpt_20150223 (1)'!654:654-"h_l!/P" -> #VALUE! | IN3: ='SurveyRpt_20150223 (1)'!655:655-"h_l!/Q" -> #VALUE! | IO3: ='SurveyRpt_20150223 (1)'!656:656-"h_l!/R" -> #VALUE! | IP3: ='SurveyRpt_20150223 (1)'!657:657-"h_l!/S" -> #VALUE! | IQ3: ='SurveyRpt_20150223 (1)'!658:658-"h_l!/T" -> #VALUE! | IR3: ='SurveyRpt_20150223 (1)'!659:659-"h_l!/U" -> #VALUE! | IS3: ='SurveyRpt_20150223 (1)'!660:660-"h_l!/V" -> #VALUE! | IT3: ='SurveyRpt_20150223 (1)'!661:661-"h_l!/W" -> #VALUE! | IU3: ='SurveyRpt_20150223 (1)'!662:662-"h_l!/X" -> #VALUE! | IV3: ='SurveyRpt_20150223 (1)'!663:663-"h_l!/Y" -> #VALUE!
F4: ='SurveyRpt_20150223 (1)'!664:664-"h_l!/Z" -> #VALUE! | G4: ='SurveyRpt_20150223 (1)'!665:665-"h_l!/[" -> #VALUE! | H4: ='SurveyRpt_20150223 (1)'!666:666-"h_l!/\" -> #VALUE! | I4: ='SurveyRpt_20150223 (1)'!667:667-"h_l!/]" -> #VALUE! | J4: ='SurveyRpt_20150223 (1)'!668:668-"h_l!/^" -> #VALUE! | K4: ='SurveyRpt_20150223 (1)'!669:669-"h_l!/_" -> #VALUE! | L4: ='SurveyRpt_20150223 (1)'!670:670-"h_l!/`" -> #VALUE! | M4: ='SurveyRpt_20150223 (1)'!671:671-"h_l!/a" -> #VALUE! | N4: ='SurveyRpt_20150223 (1)'!672:672-"h_l!/b" -> #VALUE! | O4: ='SurveyRpt_20150223 (1)'!673:673-"h_l!/c" -> #VALUE! | P4: ='SurveyRpt_20150223 (1)'!674:674-"h_l!/d" -> #VALUE! | Q4: ='SurveyRpt_20150223 (1)'!675:675-"h_l!/e" -> #VALUE! | R4: ='SurveyRpt_20150223 (1)'!676:676-"h_l!/f" -> #VALUE! | S4: ='SurveyRpt_20150223 (1)'!677:677-"h_l!/g" -> #VALUE! | T4: ='SurveyRpt_20150223 (1)'!678:678-"h_l!/h" -> #VALUE! | U4: ='SurveyRpt_20150223 (1)'!679:679-"h_l!/i" -> #VALUE! | V4: ='SurveyRpt_20150223 (1)'!680:680-"h_l!/j" -> #VALUE! | W4: ='SurveyRpt_20150223 (1)'!681:681-"h_l!/k" -> #VALUE! | X4: ='SurveyRpt_20150223 (1)'!682:682-"h_l!/l" -> #VALUE! | Y4: ='SurveyRpt_20150223 (1)'!683:683-"h_l!/m" -> #VALUE! | Z4: ='SurveyRpt_20150223 (1)'!684:684-"h_l!/n" -> #VALUE! | AA4: ='SurveyRpt_20150223 (1)'!685:685-"h_l!/o" -> #VALUE! | AB4: ='SurveyRpt_20150223 (1)'!686:686-"h_l!/p" -> #VALUE! | AC4: ='SurveyRpt_20150223 (1)'!687:687-"h_l!/q" -> #VALUE! | AD4: ='SurveyRpt_20150223 (1)'!688:688-"h_l!/r" -> #VALUE! | AE4: ='SurveyRpt_20150223 (1)'!689:689-"h_l!/s" -> #VALUE! | AF4: ='SurveyRpt_20150223 (1)'!690:690-"h_l!/t" -> #VALUE! | AG4: ='SurveyRpt_20150223 (1)'!691:691-"h_l!/u" -> #VALUE! | AH4: ='SurveyRpt_20150223 (1)'!692:692-"h_l!/v" -> #VALUE! | AI4: ='SurveyRpt_20150223 (1)'!693:693-"h_l!/w" -> #VALUE! | AJ4: ='SurveyRpt_20150223 (1)'!694:694-"h_l!/x" -> #VALUE! | AK4: ='SurveyRpt_20150223 (1)'!695:695-"h_l!/y" -> #VALUE! | AL4: ='SurveyRpt_20150223 (1)'!696:696-"h_l!/z" -> #VALUE! | AM4: ='SurveyRpt_20150223 (1)'!697:697-"h_l!/{" -> #VALUE! | AN4: ='SurveyRpt_20150223 (1)'!698:698-"h_l!/|" -> #VALUE! | AO4: ='SurveyRpt_20150223 (1)'!699:699-"h_l!/}" -> #VALUE! | AP4: ='SurveyRpt_20150223 (1)'!700:700-"h_l!/~" -> #VALUE! | AQ4: ='SurveyRpt_20150223 (1)'!701:701-"h_l!0#" -> #VALUE! | AR4: ='SurveyRpt_20150223 (1)'!702:702-"h_l!0$" -> #VALUE! | AS4: ='SurveyRpt_20150223 (1)'!703:703-"h_l!0%" -> #VALUE! | AT4: ='SurveyRpt_20150223 (1)'!704:704-"h_l!0&" -> #VALUE! | AU4: ='SurveyRpt_20150223 (1)'!705:705-"h_l!0'" -> #VALUE! | AV4: ='SurveyRpt_20150223 (1)'!706:706-"h_l!0(" -> #VALUE! | AW4: ='SurveyRpt_20150223 (1)'!707:707-"h_l!0)" -> #VALUE! | AX4: ='SurveyRpt_20150223 (1)'!708:708-"h_l!0." -> #VALUE! | AY4: ='SurveyRpt_20150223 (1)'!709:709-"h_l!0/" -> #VALUE! | AZ4: ='SurveyRpt_20150223 (1)'!710:710-"h_l!00" -> #VALUE! | BA4: ='SurveyRpt_20150223 (1)'!711:711-"h_l!01" -> #VALUE! | BB4: ='SurveyRpt_20150223 (1)'!712:712-"h_l!02" -> #VALUE! | BC4: ='SurveyRpt_20150223 (1)'!713:713-"h_l!03" -> #VALUE! | BD4: ='SurveyRpt_20150223 (1)'!714:714-"h_l!04" -> #VALUE! | BE4: ='SurveyRpt_20150223 (1)'!715:715-"h_l!05" -> #VALUE! | BF4: ='SurveyRpt_20150223 (1)'!716:716-"h_l!06" -> #VALUE! | BG4: ='SurveyRpt_20150223 (1)'!717:717-"h_l!07" -> #VALUE! | BH4: ='SurveyRpt_20150223 (1)'!718:718-"h_l!08" -> #VALUE! | BI4: ='SurveyRpt_20150223 (1)'!719:719-"h_l!09" -> #VALUE! | BJ4: ='SurveyRpt_20150223 (1)'!720:720-"h_l!0:" -> #VALUE! | BK4: ='SurveyRpt_20150223 (1)'!721:721-"h_l!0;" -> #VALUE! | BL4: ='SurveyRpt_20150223 (1)'!722:722-"h_l!0<" -> #VALUE! | BM4: ='SurveyRpt_20150223 (1)'!723:723-"h_l!0=" -> #VALUE! | BN4: ='SurveyRpt_20150223 (1)'!724:724-"h_l!0>" -> #VALUE! | BO4: ='SurveyRpt_20150223 (1)'!725:725-"h_l!0?" -> #VALUE! | BP4: ='SurveyRpt_20150223 (1)'!726:726-"h_l!0@" -> #VALUE! | BQ4: ='SurveyRpt_20150223 (1)'!727:727-"h_l!0A" -> #VALUE! | BR4: ='SurveyRpt_20150223 (1)'!728:728-"h_l!0B" -> #VALUE! | BS4: ='SurveyRpt_20150223 (1)'!729:729-"h_l!0C" -> #VALUE! | BT4: ='SurveyRpt_20150223 (1)'!730:730-"h_l!0D" -> #VALUE! | BU4: ='SurveyRpt_20150223 (1)'!731:731-"h_l!0E" -> #VALUE! | BV4: ='SurveyRpt_20150223 (1)'!732:732-"h_l!0F" -> #VALUE! | BW4: ='SurveyRpt_20150223 (1)'!733:733-"h_l!0G" -> #VALUE! | BX4: ='SurveyRpt_20150223 (1)'!734:734-"h_l!0H" -> #VALUE! | BY4: ='SurveyRpt_20150223 (1)'!735:735-"h_l!0I" -> #VALUE! | BZ4: ='SurveyRpt_20150223 (1)'!736:736-"h_l!0J" -> #VALUE! | CA4: ='SurveyRpt_20150223 (1)'!737:737-"h_l!0K" -> #VALUE! | CB4: ='SurveyRpt_20150223 (1)'!738:738-"h_l!0L" -> #VALUE! | CC4: ='SurveyRpt_20150223 (1)'!739:739-"h_l!0M" -> #VALUE! | CD4: ='SurveyRpt_20150223 (1)'!740:740-"h_l!0N" -> #VALUE! | CE4: ='SurveyRpt_20150223 (1)'!741:741-"h_l!0O" -> #VALUE! | CF4: ='SurveyRpt_20150223 (1)'!742:742-"h_l!0P" -> #VALUE! | CG4: ='SurveyRpt_20150223 (1)'!743:743-"h_l!0Q" -> #VALUE! | CH4: ='SurveyRpt_20150223 (1)'!744:744-"h_l!0R" -> #VALUE! | CI4: ='SurveyRpt_20150223 (1)'!745:745-"h_l!0S" -> #VALUE! | CJ4: ='SurveyRpt_20150223 (1)'!746:746-"h_l!0T" -> #VALUE! | CK4: ='SurveyRpt_20150223 (1)'!747:747-"h_l!0U" -> #VALUE! | CL4: ='SurveyRpt_20150223 (1)'!748:748-"h_l!0V" -> #VALUE! | CM4: ='SurveyRpt_20150223 (1)'!749:749-"h_l!0W" -> #VALUE! | CN4: ='SurveyRpt_20150223 (1)'!750:750-"h_l!0X" -> #VALUE! | CO4: ='SurveyRpt_20150223 (1)'!751:751-"h_l!0Y" -> #VALUE! | CP4: ='SurveyRpt_20150223 (1)'!752:752-"h_l!0Z" -> #VALUE! | CQ4: ='SurveyRpt_20150223 (1)'!753:753-"h_l!0[" -> #VALUE! | CR4: ='SurveyRpt_20150223 (1)'!754:754-"h_l!0\" -> #VALUE! | CS4: ='SurveyRpt_20150223 (1)'!755:755-"h_l!0]" -> #VALUE! | CT4: ='SurveyRpt_20150223 (1)'!756:756-"h_l!0^" -> #VALUE! | CU4: ='SurveyRpt_20150223 (1)'!757:757-"h_l!0_" -> #VALUE! | CV4: ='SurveyRpt_20150223 (1)'!758:758-"h_l!0`" -> #VALUE! | CW4: ='SurveyRpt_20150223 (1)'!759:759-"h_l!0a" -> #VALUE! | CX4: ='SurveyRpt_20150223 (1)'!760:760-"h_l!0b" -> #VALUE! | CY4: ='SurveyRpt_20150223 (1)'!761:761-"h_l!0c" -> #VALUE! | CZ4: ='SurveyRpt_20150223 (1)'!762:762-"h_l!0d" -> #VALUE! | DA4: ='SurveyRpt_20150223 (1)'!763:763-"h_l!0e" -> #VALUE! | DB4: ='SurveyRpt_20150223 (1)'!764:764-"h_l!0f" -> #VALUE! | DC4: ='SurveyRpt_20150223 (1)'!765:765-"h_l!0g" -> #VALUE! | DD4: ='SurveyRpt_20150223 (1)'!766:766-"h_l!0h" -> #VALUE! | DE4: ='SurveyRpt_20150223 (1)'!767:767-"h_l!0i" -> #VALUE! | DF4: ='SurveyRpt_20150223 (1)'!768:768-"h_l!0j" -> #VALUE! | DG4: ='SurveyRpt_20150223 (1)'!769:769-"h_l!0k" -> #VALUE! | DH4: ='SurveyRpt_20150223 (1)'!770:770-"h_l!0l" -> #VALUE! | DI4: ='SurveyRpt_20150223 (1)'!771:771-"h_l!0m" -> #VALUE! | DJ4: ='SurveyRpt_20150223 (1)'!772:772-"h_l!0n" -> #VALUE! | DK4: ='SurveyRpt_20150223 (1)'!773:773-"h_l!0o" -> #VALUE! | DL4: ='SurveyRpt_20150223 (1)'!774:774-"h_l!0p" -> #VALUE! | DM4: ='SurveyRpt_20150223 (1)'!775:775-"h_l!0q" -> #VALUE! | DN4: ='SurveyRpt_20150223 (1)'!776:776-"h_l!0r" -> #VALUE! | DO4: ='SurveyRpt_20150223 (1)'!777:777-"h_l!0s" -> #VALUE! | DP4: ='SurveyRpt_20150223 (1)'!778:778-"h_l!0t" -> #VALUE! | DQ4: ='SurveyRpt_20150223 (1)'!779:779-"h_l!0u" -> #VALUE! | DR4: ='SurveyRpt_20150223 (1)'!780:780-"h_l!0v" -> #VALUE! | DS4: ='SurveyRpt_20150223 (1)'!781:781-"h_l!0w" -> #VALUE! | DT4: ='SurveyRpt_20150223 (1)'!782:782-"h_l!0x" -> #VALUE! | DU4: ='SurveyRpt_20150223 (1)'!783:783-"h_l!0y" -> #VALUE! | DV4: ='SurveyRpt_20150223 (1)'!784:784-"h_l!0z" -> #VALUE! | DW4: ='SurveyRpt_20150223 (1)'!785:785-"h_l!0{" -> #VALUE! | DX4: ='SurveyRpt_20150223 (1)'!786:786-"h_l!0|" -> #VALUE! | DY4: ='SurveyRpt_20150223 (1)'!787:787-"h_l!0}" -> #VALUE! | DZ4: ='SurveyRpt_20150223 (1)'!788:788-"h_l!0~" -> #VALUE! | EA4: ='SurveyRpt_20150223 (1)'!789:789-"h_l!1#" -> #VALUE! | EB4: ='SurveyRpt_20150223 (1)'!790:790-"h_l!1$" -> #VALUE! | EC4: ='SurveyRpt_20150223 (1)'!791:791-"h_l!1%" -> #VALUE! | ED4: ='SurveyRpt_20150223 (1)'!792:792-"h_l!1&" -> #VALUE! | EE4: ='SurveyRpt_20150223 (1)'!793:793-"h_l!1'" -> #VALUE! | EF4: ='SurveyRpt_20150223 (1)'!794:794-"h_l!1(" -> #VALUE! | EG4: ='SurveyRpt_20150223 (1)'!795:795-"h_l!1)" -> #VALUE! | EH4: ='SurveyRpt_20150223 (1)'!796:796-"h_l!1." -> #VALUE! | EI4: ='SurveyRpt_20150223 (1)'!797:797-"h_l!1/" -> #VALUE! | EJ4: ='SurveyRpt_20150223 (1)'!798:798-"h_l!10" -> #VALUE! | EK4: ='SurveyRpt_20150223 (1)'!799:799-"h_l!11" -> #VALUE! | EL4: ='SurveyRpt_20150223 (1)'!800:800-"h_l!12" -> #VALUE! | EM4: ='SurveyRpt_20150223 (1)'!801:801-"h_l!13" -> #VALUE! | EN4: ='SurveyRpt_20150223 (1)'!802:802-"h_l!14" -> #VALUE! | EO4: ='SurveyRpt_20150223 (1)'!803:803-"h_l!15" -> #VALUE! | EP4: ='SurveyRpt_20150223 (1)'!804:804-"h_l!16" -> #VALUE! | EQ4: ='SurveyRpt_20150223 (1)'!805:805-"h_l!17" -> #VALUE! | ER4: ='SurveyRpt_20150223 (1)'!806:806-"h_l!18" -> #VALUE! | ES4: ='SurveyRpt_20150223 (1)'!807:807-"h_l!19" -> #VALUE! | ET4: ='SurveyRpt_20150223 (1)'!808:808-"h_l!1:" -> #VALUE! | EU4: ='SurveyRpt_20150223 (1)'!809:809-"h_l!1;" -> #VALUE! | EV4: ='SurveyRpt_20150223 (1)'!810:810-"h_l!1<" -> #VALUE! | EW4: ='SurveyRpt_20150223 (1)'!811:811-"h_l!1=" -> #VALUE! | EX4: ='SurveyRpt_20150223 (1)'!812:812-"h_l!1>" -> #VALUE! | EY4: ='SurveyRpt_20150223 (1)'!813:813-"h_l!1?" -> #VALUE! | EZ4: ='SurveyRpt_20150223 (1)'!814:814-"h_l!1@" -> #VALUE! | FA4: ='SurveyRpt_20150223 (1)'!815:815-"h_l!1A" -> #VALUE! | FB4: ='SurveyRpt_20150223 (1)'!816:816-"h_l!1B" -> #VALUE! | FC4: ='SurveyRpt_20150223 (1)'!817:817-"h_l!1C" -> #VALUE! | FD4: ='SurveyRpt_20150223 (1)'!818:818-"h_l!1D" -> #VALUE! | FE4: ='SurveyRpt_20150223 (1)'!819:819-"h_l!1E" -> #VALUE! | FF4: ='SurveyRpt_20150223 (1)'!820:820-"h_l!1F" -> #VALUE! | FG4: ='SurveyRpt_20150223 (1)'!821:821-"h_l!1G" -> #VALUE! | FH4: ='SurveyRpt_20150223 (1)'!822:822-"h_l!1H" -> #VALUE! | FI4: ='SurveyRpt_20150223 (1)'!823:823-"h_l!1I" -> #VALUE! | FJ4: ='SurveyRpt_20150223 (1)'!824:824-"h_l!1J" -> #VALUE! | FK4: ='SurveyRpt_20150223 (1)'!825:825-"h_l!1K" -> #VALUE! | FL4: ='SurveyRpt_20150223 (1)'!826:826-"h_l!1L" -> #VALUE! | FM4: ='SurveyRpt_20150223 (1)'!827:827-"h_l!1M" -> #VALUE! | FN4: ='SurveyRpt_20150223 (1)'!828:828-"h_l!1N" -> #VALUE! | FO4: ='SurveyRpt_20150223 (1)'!829:829-"h_l!1O" -> #VALUE! | FP4: ='SurveyRpt_20150223 (1)'!830:830-"h_l!1P" -> #VALUE! | FQ4: ='SurveyRpt_20150223 (1)'!831:831-"h_l!1Q" -> #VALUE! | FR4: ='SurveyRpt_20150223 (1)'!832:832-"h_l!1R" -> #VALUE! | FS4: ='SurveyRpt_20150223 (1)'!833:833-"h_l!1S" -> #VALUE! | FT4: ='SurveyRpt_20150223 (1)'!834:834-"h_l!1T" -> #VALUE! | FU4: ='SurveyRpt_20150223 (1)'!835:835-"h_l!1U" -> #VALUE! | FV4: ='SurveyRpt_20150223 (1)'!836:836-"h_l!1V" -> #VALUE! | FW4: ='SurveyRpt_20150223 (1)'!837:837-"h_l!1W" -> #VALUE! | FX4: ='SurveyRpt_20150223 (1)'!838:838-"h_l!1X" -> #VALUE! | FY4: ='SurveyRpt_20150223 (1)'!839:839-"h_l!1Y" -> #VALUE! | FZ4: ='SurveyRpt_20150223 (1)'!840:840-"h_l!1Z" -> #VALUE! | GA4: ='SurveyRpt_20150223 (1)'!841:841-"h_l!1[" -> #VALUE! | GB4: ='SurveyRpt_20150223 (1)'!842:842-"h_l!1\" -> #VALUE! | GC4: ='SurveyRpt_20150223 (1)'!843:843-"h_l!1]" -> #VALUE! | GD4: ='SurveyRpt_20150223 (1)'!844:844-"h_l!1^" -> #VALUE! | GE4: ='SurveyRpt_20150223 (1)'!845:845-"h_l!1_" -> #VALUE! | GF4: ='SurveyRpt_20150223 (1)'!846:846-"h_l!1`" -> #VALUE! | GG4: ='SurveyRpt_20150223 (1)'!847:847-"h_l!1a" -> #VALUE! | GH4: ='SurveyRpt_20150223 (1)'!848:848-"h_l!1b" -> #VALUE! | GI4: ='SurveyRpt_20150223 (1)'!849:849-"h_l!1c" -> #VALUE! | GJ4: ='SurveyRpt_20150223 (1)'!850:850-"h_l!1d" -> #VALUE! | GK4: ='SurveyRpt_20150223 (1)'!851:851-"h_l!1e" -> #VALUE! | GL4: ='SurveyRpt_20150223 (1)'!852:852-"h_l!1f" -> #VALUE! | GM4: ='SurveyRpt_20150223 (1)'!853:853-"h_l!1g" -> #VALUE! | GN4: ='SurveyRpt_20150223 (1)'!854:854-"h_l!1h" -> #VALUE! | GO4: ='SurveyRpt_20150223 (1)'!855:855-"h_l!1i" -> #VALUE! | GP4: ='SurveyRpt_20150223 (1)'!856:856-"h_l!1j" -> #VALUE! | GQ4: ='SurveyRpt_20150223 (1)'!857:857-"h_l!1k" -> #VALUE! | GR4: ='SurveyRpt_20150223 (1)'!858:858-"h_l!1l" -> #VALUE! | GS4: ='SurveyRpt_20150223 (1)'!859:859-"h_l!1m" -> #VALUE! | GT4: ='SurveyRpt_20150223 (1)'!860:860-"h_l!1n" -> #VALUE! | GU4: ='SurveyRpt_20150223 (1)'!861:861-"h_l!1o" -> #VALUE! | GV4: ='SurveyRpt_20150223 (1)'!862:862-"h_l!1p" -> #VALUE! | GW4: ='SurveyRpt_20150223 (1)'!863:863-"h_l!1q" -> #VALUE! | GX4: ='SurveyRpt_20150223 (1)'!864:864-"h_l!1r" -> #VALUE! | GY4: ='SurveyRpt_20150223 (1)'!865:865-"h_l!1s" -> #VALUE! | GZ4: ='SurveyRpt_20150223 (1)'!866:866-"h_l!1t" -> #VALUE! | HA4: ='SurveyRpt_20150223 (1)'!867:867-"h_l!1u" -> #VALUE! | HB4: ='SurveyRpt_20150223 (1)'!868:868-"h_l!1v" -> #VALUE! | HC4: ='SurveyRpt_20150223 (1)'!869:869-"h_l!1w" -> #VALUE! | HD4: ='SurveyRpt_20150223 (1)'!870:870-"h_l!1x" -> #VALUE! | HE4: ='SurveyRpt_20150223 (1)'!871:871-"h_l!1y" -> #VALUE! | HF4: ='SurveyRpt_20150223 (1)'!872:872-"h_l!1z" -> #VALUE! | HG4: ='SurveyRpt_20150223 (1)'!873:873-"h_l!1{" -> #VALUE! | HH4: ='SurveyRpt_20150223 (1)'!874:874-"h_l!1|" -> #VALUE! | HI4: ='SurveyRpt_20150223 (1)'!875:875-"h_l!1}" -> #VALUE! | HJ4: ='SurveyRpt_20150223 (1)'!876:876-"h_l!1~" -> #VALUE! | HK4: ='SurveyRpt_20150223 (1)'!877:877-"h_l!2#" -> #VALUE! | HL4: ='SurveyRpt_20150223 (1)'!878:878-"h_l!2$" -> #VALUE! | HM4: ='SurveyRpt_20150223 (1)'!879:879-"h_l!2%" -> #VALUE! | HN4: ='SurveyRpt_20150223 (1)'!880:880-"h_l!2&" -> #VALUE! | HO4: ='SurveyRpt_20150223 (1)'!881:881-"h_l!2'" -> #VALUE! | HP4: ='SurveyRpt_20150223 (1)'!882:882-"h_l!2(" -> #VALUE! | HQ4: ='SurveyRpt_20150223 (1)'!883:883-"h_l!2)" -> #VALUE! | HR4: ='SurveyRpt_20150223 (1)'!884:884-"h_l!2." -> #VALUE! | HS4: ='SurveyRpt_20150223 (1)'!885:885-"h_l!2/" -> #VALUE! | HT4: ='SurveyRpt_20150223 (1)'!886:886-"h_l!20" -> #VALUE! | HU4: ='SurveyRpt_20150223 (1)'!887:887-"h_l!21" -> #VALUE! | HV4: ='SurveyRpt_20150223 (1)'!888:888-"h_l!22" -> #VALUE! | HW4: ='SurveyRpt_20150223 (1)'!889:889-"h_l!23" -> #VALUE! | HX4: ='SurveyRpt_20150223 (1)'!890:890-"h_l!24" -> #VALUE! | HY4: ='SurveyRpt_20150223 (1)'!891:891-"h_l!25" -> #VALUE! | HZ4: ='SurveyRpt_20150223 (1)'!892:892-"h_l!26" -> #VALUE! | IA4: ='SurveyRpt_20150223 (1)'!893:893-"h_l!27" -> #VALUE! | IB4: ='SurveyRpt_20150223 (1)'!894:894-"h_l!28" -> #VALUE! | IC4: ='SurveyRpt_20150223 (1)'!895:895-"h_l!29" -> #VALUE! | ID4: ='SurveyRpt_20150223 (1)'!896:896-"h_l!2:" -> #VALUE! | IE4: ='SurveyRpt_20150223 (1)'!897:897-"h_l!2;" -> #VALUE! | IF4: ='SurveyRpt_20150223 (1)'!898:898-"h_l!2<" -> #VALUE! | IG4: ='SurveyRpt_20150223 (1)'!899:899-"h_l!2=" -> #VALUE! | IH4: ='SurveyRpt_20150223 (1)'!900:900-"h_l!2>" -> #VALUE! | II4: ='SurveyRpt_20150223 (1)'!901:901-"h_l!2?" -> #VALUE! | IJ4: ='SurveyRpt_20150223 (1)'!902:902-"h_l!2@" -> #VALUE! | IK4: ='SurveyRpt_20150223 (1)'!903:903-"h_l!2A" -> #VALUE! | IL4: ='SurveyRpt_20150223 (1)'!904:904-"h_l!2B" -> #VALUE! | IM4: ='SurveyRpt_20150223 (1)'!905:905-"h_l!2C" -> #VALUE! | IN4: ='SurveyRpt_20150223 (1)'!906:906-"h_l!2D" -> #VALUE! | IO4: ='SurveyRpt_20150223 (1)'!907:907-"h_l!2E" -> #VALUE! | IP4: ='SurveyRpt_20150223 (1)'!908:908-"h_l!2F" -> #VALUE! | IQ4: ='SurveyRpt_20150223 (1)'!909:909-"h_l!2G" -> #VALUE! | IR4: ='SurveyRpt_20150223 (1)'!910:910-"h_l!2H" -> #VALUE! | IS4: ='SurveyRpt_20150223 (1)'!911:911-"h_l!2I" -> #VALUE! | IT4: ='SurveyRpt_20150223 (1)'!912:912-"h_l!2J" -> #VALUE! | IU4: ='SurveyRpt_20150223 (1)'!913:913-"h_l!2K" -> #VALUE! | IV4: ='SurveyRpt_20150223 (1)'!914:914-"h_l!2L" -> #VALUE!
F5: ='SurveyRpt_20150223 (1)'!915:915-"h_l!2M" -> #VALUE! | G5: ='SurveyRpt_20150223 (1)'!916:916-"h_l!2N" -> #VALUE! | H5: ='SurveyRpt_20150223 (1)'!917:917-"h_l!2O" -> #VALUE! | I5: ='SurveyRpt_20150223 (1)'!918:918-"h_l!2P" -> #VALUE! | J5: ='SurveyRpt_20150223 (1)'!919:919-"h_l!2Q" -> #VALUE! | K5: ='SurveyRpt_20150223 (1)'!920:920-"h_l!2R" -> #VALUE! | L5: ='SurveyRpt_20150223 (1)'!921:921-"h_l!2S" -> #VALUE! | M5: ='SurveyRpt_20150223 (1)'!922:922-"h_l!2T" -> #VALUE! | N5: ='SurveyRpt_20150223 (1)'!923:923-"h_l!2U" -> #VALUE! | O5: ='SurveyRpt_20150223 (1)'!924:924-"h_l!2V" -> #VALUE! | P5: ='SurveyRpt_20150223 (1)'!925:925-"h_l!2W" -> #VALUE! | Q5: ='SurveyRpt_20150223 (1)'!926:926-"h_l!2X" -> #VALUE! | R5: ='SurveyRpt_20150223 (1)'!927:927-"h_l!2Y" -> #VALUE! | S5: ='SurveyRpt_20150223 (1)'!928:928-"h_l!2Z" -> #VALUE! | T5: ='SurveyRpt_20150223 (1)'!929:929-"h_l!2[" -> #VALUE! | U5: ='SurveyRpt_20150223 (1)'!930:930-"h_l!2\" -> #VALUE! | V5: ='SurveyRpt_20150223 (1)'!931:931-"h_l!2]" -> #VALUE! | W5: ='SurveyRpt_20150223 (1)'!932:932-"h_l!2^" -> #VALUE! | X5: ='SurveyRpt_20150223 (1)'!933:933-"h_l!2_" -> #VALUE! | Y5: ='SurveyRpt_20150223 (1)'!934:934-"h_l!2`" -> #VALUE! | Z5: ='SurveyRpt_20150223 (1)'!935:935-"h_l!2a" -> #VALUE! | AA5: ='SurveyRpt_20150223 (1)'!A1+"h_l!2b" -> #VALUE! | AB5: ='SurveyRpt_20150223 (1)'!B1+"h_l!2c" -> #VALUE! | AC5: ='SurveyRpt_20150223 (1)'!C1+"h_l!2d" -> #VALUE! | AD5: ='SurveyRpt_20150223 (1)'!D1+"h_l!2e" -> #VALUE! | AE5: ='SurveyRpt_20150223 (1)'!E1+"h_l!2f" -> #VALUE! | AF5: ='SurveyRpt_20150223 (1)'!F1+"h_l!2g" -> #VALUE! | AG5: ='SurveyRpt_20150223 (1)'!G1+"h_l!2h" -> #VALUE! | AH5: ='SurveyRpt_20150223 (1)'!H1+"h_l!2i" -> #VALUE! | AI5: ='SurveyRpt_20150223 (1)'!I1+"h_l!2j" -> #VALUE! | AJ5: ='SurveyRpt_20150223 (1)'!J1+"h_l!2k" -> #VALUE! | AK5: ='SurveyRpt_20150223 (1)'!K1+"h_l!2l" -> #VALUE! | AL5: ='SurveyRpt_20150223 (1)'!L1+"h_l!2m" -> #VALUE! | AM5: ='SurveyRpt_20150223 (1)'!A2+"h_l!2n" -> #VALUE! | AN5: ='SurveyRpt_20150223 (1)'!B2+"h_l!2o" -> #VALUE! | AO5: ='SurveyRpt_20150223 (1)'!C2+"h_l!2p" -> #VALUE! | AP5: ='SurveyRpt_20150223 (1)'!D2+"h_l!2q" -> #VALUE! | AQ5: ='SurveyRpt_20150223 (1)'!E2+"h_l!2r" -> #VALUE! | AR5: ='SurveyRpt_20150223 (1)'!F2+"h_l!2s" -> #VALUE! | AS5: ='SurveyRpt_20150223 (1)'!G2+"h_l!2t" -> #VALUE! | AT5: ='SurveyRpt_20150223 (1)'!H2+"h_l!2u" -> #VALUE! | AU5: ='SurveyRpt_20150223 (1)'!I2+"h_l!2v" -> #VALUE! | AV5: ='SurveyRpt_20150223 (1)'!J2+"h_l!2w" -> #VALUE! | AW5: ='SurveyRpt_20150223 (1)'!K2+"h_l!2x" -> #VALUE! | AX5: ='SurveyRpt_20150223 (1)'!L2+"h_l!2y" -> #VALUE! | AY5: ='SurveyRpt_20150223 (1)'!A3+"h_l!2z" -> #VALUE! | AZ5: ='SurveyRpt_20150223 (1)'!B3+"h_l!2{" -> #VALUE! | BA5: ='SurveyRpt_20150223 (1)'!C3+"h_l!2|" -> #VALUE! | BB5: ='SurveyRpt_20150223 (1)'!D3+"h_l!2}" -> #VALUE! | BC5: ='SurveyRpt_20150223 (1)'!E3+"h_l!2~" -> #VALUE! | BD5: ='SurveyRpt_20150223 (1)'!F3+"h_l!3#" -> #VALUE! | BE5: ='SurveyRpt_20150223 (1)'!G3+"h_l!3$" -> #VALUE! | BF5: ='SurveyRpt_20150223 (1)'!H3+"h_l!3%" -> #VALUE! | BG5: ='SurveyRpt_20150223 (1)'!I3+"h_l!3&" -> #VALUE! | BH5: ='SurveyRpt_20150223 (1)'!J3+"h_l!3'" -> #VALUE! | BI5: ='SurveyRpt_20150223 (1)'!K3+"h_l!3(" -> #VALUE! | BJ5: ='SurveyRpt_20150223 (1)'!L3+"h_l!3)" -> #VALUE! | BK5: ='SurveyRpt_20150223 (1)'!A4+"h_l!3." -> #VALUE! | BL5: ='SurveyRpt_20150223 (1)'!B4+"h_l!3/" -> #VALUE! | BM5: ='SurveyRpt_20150223 (1)'!C4+"h_l!30" -> #VALUE! | BN5: ='SurveyRpt_20150223 (1)'!D4+"h_l!31" -> #VALUE! | BO5: ='SurveyRpt_20150223 (1)'!E4+"h_l!32" -> #VALUE! | BP5: ='SurveyRpt_20150223 (1)'!F4+"h_l!33" -> #VALUE! | BQ5: ='SurveyRpt_20150223 (1)'!G4+"h_l!34" -> #VALUE! | BR5: ='SurveyRpt_20150223 (1)'!H4+"h_l!35" -> #VALUE! | BS5: ='SurveyRpt_20150223 (1)'!I4+"h_l!36" -> #VALUE! | BT5: ='SurveyRpt_20150223 (1)'!J4+"h_l!37" -> #VALUE! | BU5: ='SurveyRpt_20150223 (1)'!K4+"h_l!38" -> #VALUE! | BV5: ='SurveyRpt_20150223 (1)'!L4+"h_l!39" -> #VALUE! | BW5: ='SurveyRpt_20150223 (1)'!A5+"h_l!3:" -> #VALUE! | BX5: ='SurveyRpt_20150223 (1)'!B5+"h_l!3;" -> #VALUE! | BY5: ='SurveyRpt_20150223 (1)'!C5+"h_l!3<" -> #VALUE! | BZ5: ='SurveyRpt_20150223 (1)'!D5+"h_l!3=" -> #VALUE! | CA5: ='SurveyRpt_20150223 (1)'!E5+"h_l!3>" -> #VALUE! | CB5: ='SurveyRpt_20150223 (1)'!F5+"h_l!3?" -> #VALUE! | CC5: ='SurveyRpt_20150223 (1)'!G5+"h_l!3@" -> #VALUE! | CD5: ='SurveyRpt_20150223 (1)'!H5+"h_l!3A" -> #VALUE! | CE5: ='SurveyRpt_20150223 (1)'!I5+"h_l!3B" -> #VALUE! | CF5: ='SurveyRpt_20150223 (1)'!J5+"h_l!3C" -> #VALUE! | CG5: ='SurveyRpt_20150223 (1)'!K5+"h_l!3D" -> #VALUE! | CH5: ='SurveyRpt_20150223 (1)'!L5+"h_l!3E" -> #VALUE! | CI5: ='SurveyRpt_20150223 (1)'!A6+"h_l!3F" -> #VALUE! | CJ5: ='SurveyRpt_20150223 (1)'!B6+"h_l!3G" -> #VALUE! | CK5: ='SurveyRpt_20150223 (1)'!C6+"h_l!3H" -> #VALUE! | CL5: ='SurveyRpt_20150223 (1)'!D6+"h_l!3I" -> #VALUE! | CM5: ='SurveyRpt_20150223 (1)'!E6+"h_l!3J" -> #VALUE! | CN5: ='SurveyRpt_20150223 (1)'!F6+"h_l!3K" -> #VALUE! | CO5: ='SurveyRpt_20150223 (1)'!G6+"h_l!3L" -> #VALUE! | CP5: ='SurveyRpt_20150223 (1)'!H6+"h_l!3M" -> #VALUE! | CQ5: ='SurveyRpt_20150223 (1)'!I6+"h_l!3N" -> #VALUE! | CR5: ='SurveyRpt_20150223 (1)'!J6+"h_l!3O" -> #VALUE! | CS5: ='SurveyRpt_20150223 (1)'!K6+"h_l!3P" -> #VALUE! | CT5: ='SurveyRpt_20150223 (1)'!L6+"h_l!3Q" -> #VALUE! | CU5: ='SurveyRpt_20150223 (1)'!A7+"h_l!3R" -> #VALUE! | CV5: ='SurveyRpt_20150223 (1)'!B7+"h_l!3S" -> #VALUE! | CW5: ='SurveyRpt_20150223 (1)'!C7+"h_l!3T" -> #VALUE! | CX5: ='SurveyRpt_20150223 (1)'!D7+"h_l!3U" -> #VALUE! | CY5: ='SurveyRpt_20150223 (1)'!E7+"h_l!3V" -> #VALUE! | CZ5: ='SurveyRpt_20150223 (1)'!F7+"h_l!3W" -> #VALUE! | DA5: ='SurveyRpt_20150223 (1)'!G7+"h_l!3X" -> #VALUE! | DB5: ='SurveyRpt_20150223 (1)'!H7+"h_l!3Y" -> #VALUE! | DC5: ='SurveyRpt_20150223 (1)'!I7+"h_l!3Z" -> #VALUE! | DD5: ='SurveyRpt_20150223 (1)'!J7+"h_l!3[" -> #VALUE! | DE5: ='SurveyRpt_20150223 (1)'!K7+"h_l!3\" -> #VALUE! | DF5: ='SurveyRpt_20150223 (1)'!L7+"h_l!3]" -> #VALUE! | DG5: ='SurveyRpt_20150223 (1)'!A8+"h_l!3^" -> #VALUE! | DH5: ='SurveyRpt_20150223 (1)'!B8+"h_l!3_" -> #VALUE! | DI5: ='SurveyRpt_20150223 (1)'!C8+"h_l!3`" -> #VALUE! | DJ5: ='SurveyRpt_20150223 (1)'!D8+"h_l!3a" -> #VALUE! | DK5: ='SurveyRpt_20150223 (1)'!E8+"h_l!3b" -> #VALUE! | DL5: ='SurveyRpt_20150223 (1)'!F8+"h_l!3c" -> #VALUE! | DM5: ='SurveyRpt_20150223 (1)'!G8+"h_l!3d" -> #VALUE! | DN5: ='SurveyRpt_20150223 (1)'!H8+"h_l!3e" -> #VALUE! | DO5: ='SurveyRpt_20150223 (1)'!I8+"h_l!3f" -> #VALUE! | DP5: ='SurveyRpt_20150223 (1)'!J8+"h_l!3g" -> #VALUE! | DQ5: ='SurveyRpt_20150223 (1)'!K8+"h_l!3h" -> #VALUE! | DR5: ='SurveyRpt_20150223 (1)'!L8+"h_l!3i" -> #VALUE! | DS5: ='SurveyRpt_20150223 (1)'!A9+"h_l!3j" -> #VALUE! | DT5: ='SurveyRpt_20150223 (1)'!B9+"h_l!3k" -> #VALUE! | DU5: ='SurveyRpt_20150223 (1)'!C9+"h_l!3l" -> #VALUE! | DV5: ='SurveyRpt_20150223 (1)'!D9+"h_l!3m" -> #VALUE! | DW5: ='SurveyRpt_20150223 (1)'!E9+"h_l!3n" -> #VALUE! | DX5: ='SurveyRpt_20150223 (1)'!F9+"h_l!3o" -> #VALUE! | DY5: ='SurveyRpt_20150223 (1)'!G9+"h_l!3p" -> #VALUE! | DZ5: ='SurveyRpt_20150223 (1)'!H9+"h_l!3q" -> #VALUE! | EA5: ='SurveyRpt_20150223 (1)'!I9+"h_l!3r" -> #VALUE! | EB5: ='SurveyRpt_20150223 (1)'!J9+"h_l!3s" -> #VALUE! | EC5: ='SurveyRpt_20150223 (1)'!K9+"h_l!3t" -> #VALUE! | ED5: ='SurveyRpt_20150223 (1)'!L9+"h_l!3u" -> #VALUE! | EE5: ='SurveyRpt_20150223 (1)'!A10+"h_l!3v" -> #VALUE! | EF5: ='SurveyRpt_20150223 (1)'!B10+"h_l!3w" -> #VALUE! | EG5: ='SurveyRpt_20150223 (1)'!C10+"h_l!3x" -> #VALUE! | EH5: ='SurveyRpt_20150223 (1)'!D10+"h_l!3y" -> #VALUE! | EI5: ='SurveyRpt_20150223 (1)'!E10+"h_l!3z" -> #VALUE! | EJ5: ='SurveyRpt_20150223 (1)'!F10+"h_l!3{" -> #VALUE! | EK5: ='SurveyRpt_20150223 (1)'!G10+"h_l!3|" -> #VALUE! | EL5: ='SurveyRpt_20150223 (1)'!H10+"h_l!3}" -> #VALUE! | EM5: ='SurveyRpt_20150223 (1)'!I10+"h_l!3~" -> #VALUE! | EN5: ='SurveyRpt_20150223 (1)'!J10+"h_l!4#" -> #VALUE! | EO5: ='SurveyRpt_20150223 (1)'!K10+"h_l!4$" -> #VALUE! | EP5: ='SurveyRpt_20150223 (1)'!L10+"h_l!4%" -> #VALUE! | EQ5: ='SurveyRpt_20150223 (1)'!A11+"h_l!4&" -> #VALUE! | ER5: ='SurveyRpt_20150223 (1)'!B11+"h_l!4'" -> #VALUE! | ES5: ='SurveyRpt_20150223 (1)'!C11+"h_l!4(" -> #VALUE! | ET5: ='SurveyRpt_20150223 (1)'!D11+"h_l!4)" -> #VALUE! | EU5: ='SurveyRpt_20150223 (1)'!E11+"h_l!4." -> #VALUE! | EV5: ='SurveyRpt_20150223 (1)'!F11+"h_l!4/" -> #VALUE! | EW5: ='SurveyRpt_20150223 (1)'!G11+"h_l!40" -> #VALUE! | EX5: ='SurveyRpt_20150223 (1)'!H11+"h_l!41" -> #VALUE! | EY5: ='SurveyRpt_20150223 (1)'!I11+"h_l!42" -> #VALUE! | EZ5: ='SurveyRpt_20150223 (1)'!J11+"h_l!43" -> #VALUE! | FA5: ='SurveyRpt_20150223 (1)'!K11+"h_l!44" -> #VALUE! | FB5: ='SurveyRpt_20150223 (1)'!L11+"h_l!45" -> #VALUE! | FC5: ='SurveyRpt_20150223 (1)'!A12+"h_l!46" -> #VALUE! | FD5: ='SurveyRpt_20150223 (1)'!B12+"h_l!47" -> #VALUE! | FE5: ='SurveyRpt_20150223 (1)'!C12+"h_l!48" -> #VALUE! | FF5: ='SurveyRpt_20150223 (1)'!D12+"h_l!49" -> #VALUE! | FG5: ='SurveyRpt_20150223 (1)'!E12+"h_l!4:" -> #VALUE! | FH5: ='SurveyRpt_20150223 (1)'!F12+"h_l!4;" -> #VALUE! | FI5: ='SurveyRpt_20150223 (1)'!G12+"h_l!4<" -> #VALUE! | FJ5: ='SurveyRpt_20150223 (1)'!H12+"h_l!4=" -> #VALUE! | FK5: ='SurveyRpt_20150223 (1)'!I12+"h_l!4>" -> #VALUE! | FL5: ='SurveyRpt_20150223 (1)'!J12+"h_l!4?" -> #VALUE! | FM5: ='SurveyRpt_20150223 (1)'!K12+"h_l!4@" -> #VALUE! | FN5: ='SurveyRpt_20150223 (1)'!L12+"h_l!4A" -> #VALUE! | FO5: ='SurveyRpt_20150223 (1)'!A13+"h_l!4B" -> #VALUE! | FP5: ='SurveyRpt_20150223 (1)'!B13+"h_l!4C" -> #VALUE! | FQ5: ='SurveyRpt_20150223 (1)'!C13+"h_l!4D" -> #VALUE! | FR5: ='SurveyRpt_20150223 (1)'!D13+"h_l!4E" -> #VALUE! | FS5: ='SurveyRpt_20150223 (1)'!E13+"h_l!4F" -> #VALUE! | FT5: ='SurveyRpt_20150223 (1)'!F13+"h_l!4G" -> #VALUE! | FU5: ='SurveyRpt_20150223 (1)'!G13+"h_l!4H" -> #VALUE! | FV5: ='SurveyRpt_20150223 (1)'!H13+"h_l!4I" -> #VALUE! | FW5: ='SurveyRpt_20150223 (1)'!I13+"h_l!4J" -> #VALUE! | FX5: ='SurveyRpt_20150223 (1)'!J13+"h_l!4K" -> #VALUE! | FY5: ='SurveyRpt_20150223 (1)'!K13+"h_l!4L" -> #VALUE! | FZ5: ='SurveyRpt_20150223 (1)'!L13+"h_l!4M" -> #VALUE! | GA5: ='SurveyRpt_20150223 (1)'!A14+"h_l!4N" -> #VALUE! | GB5: ='SurveyRpt_20150223 (1)'!B14+"h_l!4O" -> #VALUE! | GC5: ='SurveyRpt_20150223 (1)'!C14+"h_l!4P" -> #VALUE! | GD5: ='SurveyRpt_20150223 (1)'!D14+"h_l!4Q" -> #VALUE! | GE5: ='SurveyRpt_20150223 (1)'!E14+"h_l!4R" -> #VALUE! | GF5: ='SurveyRpt_20150223 (1)'!F14+"h_l!4S" -> #VALUE! | GG5: ='SurveyRpt_20150223 (1)'!G14+"h_l!4T" -> #VALUE! | GH5: ='SurveyRpt_20150223 (1)'!H14+"h_l!4U" -> #VALUE! | GI5: ='SurveyRpt_20150223 (1)'!I14+"h_l!4V" -> #VALUE! | GJ5: ='SurveyRpt_20150223 (1)'!J14+"h_l!4W" -> #VALUE! | GK5: ='SurveyRpt_20150223 (1)'!K14+"h_l!4X" -> #VALUE! | GL5: ='SurveyRpt_20150223 (1)'!L14+"h_l!4Y" -> #VALUE! | GM5: ='SurveyRpt_20150223 (1)'!A15+"h_l!4Z" -> #VALUE! | GN5: ='SurveyRpt_20150223 (1)'!B15+"h_l!4[" -> #VALUE! | GO5: ='SurveyRpt_20150223 (1)'!C15+"h_l!4\" -> #VALUE! | GP5: ='SurveyRpt_20150223 (1)'!D15+"h_l!4]" -> #VALUE! | GQ5: ='SurveyRpt_20150223 (1)'!E15+"h_l!4^" -> #VALUE! | GR5: ='SurveyRpt_20150223 (1)'!F15+"h_l!4_" -> #VALUE! | GS5: ='SurveyRpt_20150223 (1)'!G15+"h_l!4`" -> #VALUE! | GT5: ='SurveyRpt_20150223 (1)'!H15+"h_l!4a" -> #VALUE! | GU5: ='SurveyRpt_20150223 (1)'!I15+"h_l!4b" -> #VALUE! | GV5: ='SurveyRpt_20150223 (1)'!J15+"h_l!4c" -> #VALUE! | GW5: ='SurveyRpt_20150223 (1)'!K15+"h_l!4d" -> #VALUE! | GX5: ='SurveyRpt_20150223 (1)'!L15+"h_l!4e" -> #VALUE! | GY5: ='SurveyRpt_20150223 (1)'!A16+"h_l!4f" -> #VALUE! | GZ5: ='SurveyRpt_20150223 (1)'!B16+"h_l!4g" -> #VALUE! | HA5: ='SurveyRpt_20150223 (1)'!C16+"h_l!4h" -> #VALUE! | HB5: ='SurveyRpt_20150223 (1)'!D16+"h_l!4i" -> #VALUE! | HC5: ='SurveyRpt_20150223 (1)'!E16+"h_l!4j" -> #VALUE! | HD5: ='SurveyRpt_20150223 (1)'!F16+"h_l!4k" -> #VALUE! | HE5: ='SurveyRpt_20150223 (1)'!G16+"h_l!4l" -> #VALUE! | HF5: ='SurveyRpt_20150223 (1)'!H16+"h_l!4m" -> #VALUE! | HG5: ='SurveyRpt_20150223 (1)'!I16+"h_l!4n" -> #VALUE! | HH5: ='SurveyRpt_20150223 (1)'!J16+"h_l!4o" -> #VALUE! | HI5: ='SurveyRpt_20150223 (1)'!K16+"h_l!4p" -> #VALUE! | HJ5: ='SurveyRpt_20150223 (1)'!L16+"h_l!4q" -> #VALUE! | HK5: ='SurveyRpt_20150223 (1)'!A17+"h_l!4r" -> #VALUE! | HL5: ='SurveyRpt_20150223 (1)'!B17+"h_l!4s" -> #VALUE! | HM5: ='SurveyRpt_20150223 (1)'!C17+"h_l!4t" -> #VALUE! | HN5: ='SurveyRpt_20150223 (1)'!D17+"h_l!4u" -> #VALUE! | HO5: ='SurveyRpt_20150223 (1)'!E17+"h_l!4v" -> #VALUE! | HP5: ='SurveyRpt_20150223 (1)'!F17+"h_l!4w" -> #VALUE! | HQ5: ='SurveyRpt_20150223 (1)'!G17+"h_l!4x" -> #VALUE! | HR5: ='SurveyRpt_20150223 (1)'!H17+"h_l!4y" -> #VALUE! | HS5: ='SurveyRpt_20150223 (1)'!I17+"h_l!4z" -> #VALUE! | HT5: ='SurveyRpt_20150223 (1)'!J17+"h_l!4{" -> #VALUE! | HU5: ='SurveyRpt_20150223 (1)'!K17+"h_l!4|" -> #VALUE! | HV5: ='SurveyRpt_20150223 (1)'!L17+"h_l!4}" -> #VALUE! | HW5: ='SurveyRpt_20150223 (1)'!A18+"h_l!4~" -> #VALUE! | HX5: ='SurveyRpt_20150223 (1)'!B18+"h_l!5#" -> #VALUE! | HY5: ='SurveyRpt_20150223 (1)'!C18+"h_l!5$" -> #VALUE! | HZ5: ='SurveyRpt_20150223 (1)'!D18+"h_l!5%" -> #VALUE! | IA5: ='SurveyRpt_20150223 (1)'!E18+"h_l!5&" -> #VALUE! | IB5: ='SurveyRpt_20150223 (1)'!F18+"h_l!5'" -> #VALUE! | IC5: ='SurveyRpt_20150223 (1)'!G18+"h_l!5(" -> #VALUE! | ID5: ='SurveyRpt_20150223 (1)'!H18+"h_l!5)" -> #VALUE! | IE5: ='SurveyRpt_20150223 (1)'!I18+"h_l!5." -> #VALUE! | IF5: ='SurveyRpt_20150223 (1)'!J18+"h_l!5/" -> #VALUE! | IG5: ='SurveyRpt_20150223 (1)'!K18+"h_l!50" -> #VALUE! | IH5: ='SurveyRpt_20150223 (1)'!L18+"h_l!51" -> #VALUE! | II5: ='SurveyRpt_20150223 (1)'!A19+"h_l!52" -> #VALUE! | IJ5: ='SurveyRpt_20150223 (1)'!B19+"h_l!53" -> #VALUE! | IK5: ='SurveyRpt_20150223 (1)'!C19+"h_l!54" -> #VALUE! | IL5: ='SurveyRpt_20150223 (1)'!D19+"h_l!55" -> #VALUE! | IM5: ='SurveyRpt_20150223 (1)'!E19+"h_l!56" -> #VALUE! | IN5: ='SurveyRpt_20150223 (1)'!F19+"h_l!57" -> #VALUE! | IO5: ='SurveyRpt_20150223 (1)'!G19+"h_l!58" -> #VALUE! | IP5: ='SurveyRpt_20150223 (1)'!H19+"h_l!59" -> #VALUE! | IQ5: ='SurveyRpt_20150223 (1)'!I19+"h_l!5:" -> #VALUE! | IR5: ='SurveyRpt_20150223 (1)'!J19+"h_l!5;" -> #VALUE! | IS5: ='SurveyRpt_20150223 (1)'!K19+"h_l!5<" -> #VALUE! | IT5: ='SurveyRpt_20150223 (1)'!L19+"h_l!5=" -> #VALUE! | IU5: ='SurveyRpt_20150223 (1)'!A20+"h_l!5>" -> #VALUE! | IV5: ='SurveyRpt_20150223 (1)'!B20+"h_l!5?" -> #VALUE!
F6: ='SurveyRpt_20150223 (1)'!C20+"h_l!5@" -> #VALUE! | G6: ='SurveyRpt_20150223 (1)'!D20+"h_l!5A" -> #VALUE! | H6: ='SurveyRpt_20150223 (1)'!E20+"h_l!5B" -> #VALUE! | I6: ='SurveyRpt_20150223 (1)'!F20+"h_l!5C" -> #VALUE! | J6: ='SurveyRpt_20150223 (1)'!G20+"h_l!5D" -> #VALUE! | K6: ='SurveyRpt_20150223 (1)'!H20+"h_l!5E" -> #VALUE! | L6: ='SurveyRpt_20150223 (1)'!I20+"h_l!5F" -> #VALUE! | M6: ='SurveyRpt_20150223 (1)'!J20+"h_l!5G" -> #VALUE! | N6: ='SurveyRpt_20150223 (1)'!K20+"h_l!5H" -> #VALUE! | O6: ='SurveyRpt_20150223 (1)'!L20+"h_l!5I" -> #VALUE! | P6: ='SurveyRpt_20150223 (1)'!A21+"h_l!5J" -> #VALUE! | Q6: ='SurveyRpt_20150223 (1)'!B21+"h_l!5K" -> #VALUE! | R6: ='SurveyRpt_20150223 (1)'!C21+"h_l!5L" -> #VALUE! | S6: ='SurveyRpt_20150223 (1)'!D21+"h_l!5M" -> #VALUE! | T6: ='SurveyRpt_20150223 (1)'!E21+"h_l!5N" -> #VALUE! | U6: ='SurveyRpt_20150223 (1)'!F21+"h_l!5O" -> #VALUE! | V6: ='SurveyRpt_20150223 (1)'!G21+"h_l!5P" -> #VALUE! | W6: ='SurveyRpt_20150223 (1)'!H21+"h_l!5Q" -> #VALUE! | X6: ='SurveyRpt_20150223 (1)'!I21+"h_l!5R" -> #VALUE! | Y6: ='SurveyRpt_20150223 (1)'!J21+"h_l!5S" -> #VALUE! | Z6: ='SurveyRpt_20150223 (1)'!K21+"h_l!5T" -> #VALUE! | AA6: ='SurveyRpt_20150223 (1)'!L21+"h_l!5U" -> #VALUE! | AB6: ='SurveyRpt_20150223 (1)'!A22+"h_l!5V" -> #VALUE! | AC6: ='SurveyRpt_20150223 (1)'!B22+"h_l!5W" -> #VALUE! | AD6: ='SurveyRpt_20150223 (1)'!C22+"h_l!5X" -> #VALUE! | AE6: ='SurveyRpt_20150223 (1)'!D22+"h_l!5Y" -> #VALUE! | AF6: ='SurveyRpt_20150223 (1)'!E22+"h_l!5Z" -> #VALUE! | AG6: ='SurveyRpt_20150223 (1)'!F22+"h_l!5[" -> #VALUE! | AH6: ='SurveyRpt_20150223 (1)'!G22+"h_l!5\" -> #VALUE! | AI6: ='SurveyRpt_20150223 (1)'!H22+"h_l!5]" -> #VALUE! | AJ6: ='SurveyRpt_20150223 (1)'!I22+"h_l!5^" -> #VALUE! | AK6: ='SurveyRpt_20150223 (1)'!J22+"h_l!5_" -> #VALUE! | AL6: ='SurveyRpt_20150223 (1)'!K22+"h_l!5`" -> #VALUE! | AM6: ='SurveyRpt_20150223 (1)'!L22+"h_l!5a" -> #VALUE! | AN6: ='SurveyRpt_20150223 (1)'!A23+"h_l!5b" -> #VALUE! | AO6: ='SurveyRpt_20150223 (1)'!B23+"h_l!5c" -> #VALUE! | AP6: ='SurveyRpt_20150223 (1)'!C23+"h_l!5d" -> #VALUE! | AQ6: ='SurveyRpt_20150223 (1)'!D23+"h_l!5e" -> #VALUE! | AR6: ='SurveyRpt_20150223 (1)'!E23+"h_l!5f" -> #VALUE! | AS6: ='SurveyRpt_20150223 (1)'!F23+"h_l!5g" -> #VALUE! | AT6: ='SurveyRpt_20150223 (1)'!G23+"h_l!5h" -> #VALUE! | AU6: ='SurveyRpt_20150223 (1)'!H23+"h_l!5i" -> #VALUE! | AV6: ='SurveyRpt_20150223 (1)'!I23+"h_l!5j" -> #VALUE! | AW6: ='SurveyRpt_20150223 (1)'!J23+"h_l!5k" -> #VALUE! | AX6: ='SurveyRpt_20150223 (1)'!K23+"h_l!5l" -> #VALUE! | AY6: ='SurveyRpt_20150223 (1)'!L23+"h_l!5m" -> #VALUE! | AZ6: ='SurveyRpt_20150223 (1)'!A24+"h_l!5n" -> #VALUE! | BA6: ='SurveyRpt_20150223 (1)'!B24+"h_l!5o" -> #VALUE! | BB6: ='SurveyRpt_20150223 (1)'!C24+"h_l!5p" -> #VALUE! | BC6: ='SurveyRpt_20150223 (1)'!D24+"h_l!5q" -> #VALUE! | BD6: ='SurveyRpt_20150223 (1)'!E24+"h_l!5r" -> #VALUE! | BE6: ='SurveyRpt_20150223 (1)'!F24+"h_l!5s" -> #VALUE! | BF6: ='SurveyRpt_20150223 (1)'!G24+"h_l!5t" -> #VALUE! | BG6: ='SurveyRpt_20150223 (1)'!H24+"h_l!5u" -> #VALUE! | BH6: ='SurveyRpt_20150223 (1)'!I24+"h_l!5v" -> #VALUE! | BI6: ='SurveyRpt_20150223 (1)'!J24+"h_l!5w" -> #VALUE! | BJ6: ='SurveyRpt_20150223 (1)'!K24+"h_l!5x" -> #VALUE! | BK6: ='SurveyRpt_20150223 (1)'!L24+"h_l!5y" -> #VALUE! | BL6: ='SurveyRpt_20150223 (1)'!A25+"h_l!5z" -> #VALUE! | BM6: ='SurveyRpt_20150223 (1)'!B25+"h_l!5{" -> #VALUE! | BN6: ='SurveyRpt_20150223 (1)'!C25+"h_l!5|" -> #VALUE! | BO6: ='SurveyRpt_20150223 (1)'!D25+"h_l!5}" -> #VALUE! | BP6: ='SurveyRpt_20150223 (1)'!E25+"h_l!5~" -> #VALUE! | BQ6: ='SurveyRpt_20150223 (1)'!F25+"h_l!6#" -> #VALUE! | BR6: ='SurveyRpt_20150223 (1)'!G25+"h_l!6$" -> #VALUE! | BS6: ='SurveyRpt_20150223 (1)'!H25+"h_l!6%" -> #VALUE! | BT6: ='SurveyRpt_20150223 (1)'!I25+"h_l!6&" -> #VALUE! | BU6: ='SurveyRpt_20150223 (1)'!J25+"h_l!6'" -> #VALUE! | BV6: ='SurveyRpt_20150223 (1)'!K25+"h_l!6(" -> #VALUE! | BW6: ='SurveyRpt_20150223 (1)'!L25+"h_l!6)" -> #VALUE! | BX6: ='SurveyRpt_20150223 (1)'!A26+"h_l!6." -> #VALUE! | BY6: ='SurveyRpt_20150223 (1)'!B26+"h_l!6/" -> #VALUE! | BZ6: ='SurveyRpt_20150223 (1)'!C26+"h_l!60" -> #VALUE! | CA6: ='SurveyRpt_20150223 (1)'!D26+"h_l!61" -> #VALUE! | CB6: ='SurveyRpt_20150223 (1)'!E26+"h_l!62" -> #VALUE! | CC6: ='SurveyRpt_20150223 (1)'!F26+"h_l!63" -> #VALUE! | CD6: ='SurveyRpt_20150223 (1)'!G26+"h_l!64" -> #VALUE! | CE6: ='SurveyRpt_20150223 (1)'!H26+"h_l!65" -> #VALUE! | CF6: ='SurveyRpt_20150223 (1)'!I26+"h_l!66" -> #VALUE! | CG6: ='SurveyRpt_20150223 (1)'!J26+"h_l!67" -> #VALUE! | CH6: ='SurveyRpt_20150223 (1)'!K26+"h_l!68" -> #VALUE! | CI6: ='SurveyRpt_20150223 (1)'!L26+"h_l!69" -> #VALUE! | CJ6: ='SurveyRpt_20150223 (1)'!A27+"h_l!6:" -> #VALUE! | CK6: ='SurveyRpt_20150223 (1)'!B27+"h_l!6;" -> #VALUE! | CL6: ='SurveyRpt_20150223 (1)'!C27+"h_l!6<" -> #VALUE! | CM6: ='SurveyRpt_20150223 (1)'!D27+"h_l!6=" -> #VALUE! | CN6: ='SurveyRpt_20150223 (1)'!E27+"h_l!6>" -> #VALUE! | CO6: ='SurveyRpt_20150223 (1)'!F27+"h_l!6?" -> #VALUE! | CP6: ='SurveyRpt_20150223 (1)'!G27+"h_l!6@" -> #VALUE! | CQ6: ='SurveyRpt_20150223 (1)'!H27+"h_l!6A" -> #VALUE! | CR6: ='SurveyRpt_20150223 (1)'!I27+"h_l!6B" -> #VALUE! | CS6: ='SurveyRpt_20150223 (1)'!J27+"h_l!6C" -> #VALUE! | CT6: ='SurveyRpt_20150223 (1)'!K27+"h_l!6D" -> #VALUE! | CU6: ='SurveyRpt_20150223 (1)'!L27+"h_l!6E" -> #VALUE! | CV6: ='SurveyRpt_20150223 (1)'!A28+"h_l!6F" -> #VALUE! | CW6: ='SurveyRpt_20150223 (1)'!B28+"h_l!6G" -> #VALUE! | CX6: ='SurveyRpt_20150223 (1)'!C28+"h_l!6H" -> #VALUE! | CY6: ='SurveyRpt_20150223 (1)'!D28+"h_l!6I" -> #VALUE! | CZ6: ='SurveyRpt_20150223 (1)'!E28+"h_l!6J" -> #VALUE! | DA6: ='SurveyRpt_20150223 (1)'!F28+"h_l!6K" -> #VALUE! | DB6: ='SurveyRpt_20150223 (1)'!G28+"h_l!6L" -> #VALUE! | DC6: ='SurveyRpt_20150223 (1)'!H28+"h_l!6M" -> #VALUE! | DD6: ='SurveyRpt_20150223 (1)'!I28+"h_l!6N" -> #VALUE! | DE6: ='SurveyRpt_20150223 (1)'!J28+"h_l!6O" -> #VALUE! | DF6: ='SurveyRpt_20150223 (1)'!K28+"h_l!6P" -> #VALUE! | DG6: ='SurveyRpt_20150223 (1)'!L28+"h_l!6Q" -> #VALUE! | DH6: ='SurveyRpt_20150223 (1)'!A29+"h_l!6R" -> #VALUE! | DI6: ='SurveyRpt_20150223 (1)'!B29+"h_l!6S" -> #VALUE! | DJ6: ='SurveyRpt_20150223 (1)'!C29+"h_l!6T" -> #VALUE! | DK6: ='SurveyRpt_20150223 (1)'!D29+"h_l!6U" -> #VALUE! | DL6: ='SurveyRpt_20150223 (1)'!E29+"h_l!6V" -> #VALUE! | DM6: ='SurveyRpt_20150223 (1)'!F29+"h_l!6W" -> #VALUE! | DN6: ='SurveyRpt_20150223 (1)'!G29+"h_l!6X" -> #VALUE! | DO6: ='SurveyRpt_20150223 (1)'!H29+"h_l!6Y" -> #VALUE! | DP6: ='SurveyRpt_20150223 (1)'!I29+"h_l!6Z" -> #VALUE! | DQ6: ='SurveyRpt_20150223 (1)'!J29+"h_l!6[" -> #VALUE! | DR6: ='SurveyRpt_20150223 (1)'!K29+"h_l!6\" -> #VALUE! | DS6: ='SurveyRpt_20150223 (1)'!L29+"h_l!6]" -> #VALUE! | DT6: ='SurveyRpt_20150223 (1)'!A30+"h_l!6^" -> #VALUE! | DU6: ='SurveyRpt_20150223 (1)'!B30+"h_l!6_" -> #VALUE! | DV6: ='SurveyRpt_20150223 (1)'!C30+"h_l!6`" -> #VALUE! | DW6: ='SurveyRpt_20150223 (1)'!D30+"h_l!6a" -> #VALUE! | DX6: ='SurveyRpt_20150223 (1)'!E30+"h_l!6b" -> #VALUE! | DY6: ='SurveyRpt_20150223 (1)'!F30+"h_l!6c" -> #VALUE! | DZ6: ='SurveyRpt_20150223 (1)'!G30+"h_l!6d" -> #VALUE! | EA6: ='SurveyRpt_20150223 (1)'!H30+"h_l!6e" -> #VALUE! | EB6: ='SurveyRpt_20150223 (1)'!I30+"h_l!6f" -> #VALUE! | EC6: ='SurveyRpt_20150223 (1)'!J30+"h_l!6g" -> #VALUE! | ED6: ='SurveyRpt_20150223 (1)'!K30+"h_l!6h" -> #VALUE! | EE6: ='SurveyRpt_20150223 (1)'!L30+"h_l!6i" -> #VALUE! | EF6: ='SurveyRpt_20150223 (1)'!A31+"h_l!6j" -> #VALUE! | EG6: ='SurveyRpt_20150223 (1)'!B31+"h_l!6k" -> #VALUE! | EH6: ='SurveyRpt_20150223 (1)'!C31+"h_l!6l" -> #VALUE! | EI6: ='SurveyRpt_20150223 (1)'!D31+"h_l!6m" -> #VALUE! | EJ6: ='SurveyRpt_20150223 (1)'!E31+"h_l!6n" -> #VALUE! | EK6: ='SurveyRpt_20150223 (1)'!F31+"h_l!6o" -> #VALUE! | EL6: ='SurveyRpt_20150223 (1)'!G31+"h_l!6p" -> #VALUE! | EM6: ='SurveyRpt_20150223 (1)'!H31+"h_l!6q" -> #VALUE! | EN6: ='SurveyRpt_20150223 (1)'!I31+"h_l!6r" -> #VALUE! | EO6: ='SurveyRpt_20150223 (1)'!J31+"h_l!6s" -> #VALUE! | EP6: ='SurveyRpt_20150223 (1)'!K31+"h_l!6t" -> #VALUE! | EQ6: ='SurveyRpt_20150223 (1)'!L31+"h_l!6u" -> #VALUE! | ER6: ='SurveyRpt_20150223 (1)'!A32+"h_l!6v" -> #VALUE! | ES6: ='SurveyRpt_20150223 (1)'!B32+"h_l!6w" -> #VALUE! | ET6: ='SurveyRpt_20150223 (1)'!C32+"h_l!6x" -> #VALUE! | EU6: ='SurveyRpt_20150223 (1)'!D32+"h_l!6y" -> #VALUE! | EV6: ='SurveyRpt_20150223 (1)'!E32+"h_l!6z" -> #VALUE! | EW6: ='SurveyRpt_20150223 (1)'!F32+"h_l!6{" -> #VALUE! | EX6: ='SurveyRpt_20150223 (1)'!G32+"h_l!6|" -> #VALUE! | EY6: ='SurveyRpt_20150223 (1)'!H32+"h_l!6}" -> #VALUE! | EZ6: ='SurveyRpt_20150223 (1)'!I32+"h_l!6~" -> #VALUE! | FA6: ='SurveyRpt_20150223 (1)'!J32+"h_l!7#" -> #VALUE! | FB6: ='SurveyRpt_20150223 (1)'!K32+"h_l!7$" -> #VALUE! | FC6: ='SurveyRpt_20150223 (1)'!L32+"h_l!7%" -> #VALUE! | FD6: ='SurveyRpt_20150223 (1)'!A33+"h_l!7&" -> #VALUE! | FE6: ='SurveyRpt_20150223 (1)'!B33+"h_l!7'" -> #VALUE! | FF6: ='SurveyRpt_20150223 (1)'!C33+"h_l!7(" -> #VALUE! | FG6: ='SurveyRpt_20150223 (1)'!D33+"h_l!7)" -> #VALUE! | FH6: ='SurveyRpt_20150223 (1)'!E33+"h_l!7." -> #VALUE! | FI6: ='SurveyRpt_20150223 (1)'!F33+"h_l!7/" -> #VALUE! | FJ6: ='SurveyRpt_20150223 (1)'!G33+"h_l!70" -> #VALUE! | FK6: ='SurveyRpt_20150223 (1)'!H33+"h_l!71" -> #VALUE! | FL6: ='SurveyRpt_20150223 (1)'!I33+"h_l!72" -> #VALUE! | FM6: ='SurveyRpt_20150223 (1)'!J33+"h_l!73" -> #VALUE! | FN6: ='SurveyRpt_20150223 (1)'!K33+"h_l!74" -> #VALUE! | FO6: ='SurveyRpt_20150223 (1)'!L33+"h_l!75" -> #VALUE! | FP6: ='SurveyRpt_20150223 (1)'!A34+"h_l!76" -> #VALUE! | FQ6: ='SurveyRpt_20150223 (1)'!B34+"h_l!77" -> #VALUE! | FR6: ='SurveyRpt_20150223 (1)'!C34+"h_l!78" -> #VALUE! | FS6: ='SurveyRpt_20150223 (1)'!D34+"h_l!79" -> #VALUE! | FT6: ='SurveyRpt_20150223 (1)'!E34+"h_l!7:" -> #VALUE! | FU6: ='SurveyRpt_20150223 (1)'!F34+"h_l!7;" -> #VALUE! | FV6: ='SurveyRpt_20150223 (1)'!G34+"h_l!7<" -> #VALUE! | FW6: ='SurveyRpt_20150223 (1)'!H34+"h_l!7=" -> #VALUE! | FX6: ='SurveyRpt_20150223 (1)'!I34+"h_l!7>" -> #VALUE! | FY6: ='SurveyRpt_20150223 (1)'!J34+"h_l!7?" -> #VALUE! | FZ6: ='SurveyRpt_20150223 (1)'!K34+"h_l!7@" -> #VALUE! | GA6: ='SurveyRpt_20150223 (1)'!L34+"h_l!7A" -> #VALUE! | GB6: ='SurveyRpt_20150223 (1)'!M34+"h_l!7B" -> #VALUE! | GC6: ='SurveyRpt_20150223 (1)'!N34+"h_l!7C" -> #VALUE! | GD6: ='SurveyRpt_20150223 (1)'!O34+"h_l!7D" -> #VALUE! | GE6: ='SurveyRpt_20150223 (1)'!P34+"h_l!7E" -> #VALUE! | GF6: ='SurveyRpt_20150223 (1)'!Q34+"h_l!7F" -> #VALUE! | GG6: ='SurveyRpt_20150223 (1)'!R34+"h_l!7G" -> #VALUE! | GH6: ='SurveyRpt_20150223 (1)'!S34+"h_l!7H" -> #VALUE! | GI6: ='SurveyRpt_20150223 (1)'!T34+"h_l!7I" -> #VALUE! | GJ6: ='SurveyRpt_20150223 (1)'!U34+"h_l!7J" -> #VALUE! | GK6: ='SurveyRpt_20150223 (1)'!V34+"h_l!7K" -> #VALUE! | GL6: ='SurveyRpt_20150223 (1)'!W34+"h_l!7L" -> #VALUE! | GM6: ='SurveyRpt_20150223 (1)'!X34+"h_l!7M" -> #VALUE! | GN6: ='SurveyRpt_20150223 (1)'!Y34+"h_l!7N" -> #VALUE! | GO6: ='SurveyRpt_20150223 (1)'!Z34+"h_l!7O" -> #VALUE! | GP6: ='SurveyRpt_20150223 (1)'!AA34+"h_l!7P" -> #VALUE! | GQ6: ='SurveyRpt_20150223 (1)'!AB34+"h_l!7Q" -> #VALUE! | GR6: ='SurveyRpt_20150223 (1)'!AC34+"h_l!7R" -> #VALUE! | GS6: ='SurveyRpt_20150223 (1)'!AD34+"h_l!7S" -> #VALUE! | GT6: ='SurveyRpt_20150223 (1)'!AE34+"h_l!7T" -> #VALUE! | GU6: ='SurveyRpt_20150223 (1)'!AF34+"h_l!7U" -> #VALUE! | GV6: ='SurveyRpt_20150223 (1)'!AG34+"h_l!7V" -> #VALUE! | GW6: ='SurveyRpt_20150223 (1)'!AH34+"h_l!7W" -> #VALUE! | GX6: ='SurveyRpt_20150223 (1)'!AI34+"h_l!7X" -> #VALUE! | GY6: ='SurveyRpt_20150223 (1)'!AJ34+"h_l!7Y" -> #VALUE! | GZ6: ='SurveyRpt_20150223 (1)'!AK34+"h_l!7Z" -> #VALUE! | HA6: ='SurveyRpt_20150223 (1)'!AL34+"h_l!7[" -> #VALUE! | HB6: ='SurveyRpt_20150223 (1)'!AM34+"h_l!7\" -> #VALUE! | HC6: ='SurveyRpt_20150223 (1)'!AN34+"h_l!7]" -> #VALUE! | HD6: ='SurveyRpt_20150223 (1)'!A35+"h_l!7^" -> #VALUE! | HE6: ='SurveyRpt_20150223 (1)'!B35+"h_l!7_" -> #VALUE! | HF6: ='SurveyRpt_20150223 (1)'!C35+"h_l!7`" -> #VALUE! | HG6: ='SurveyRpt_20150223 (1)'!D35+"h_l!7a" -> #VALUE! | HH6: ='SurveyRpt_20150223 (1)'!E35+"h_l!7b" -> #VALUE! | HI6: ='SurveyRpt_20150223 (1)'!F35+"h_l!7c" -> #VALUE! | HJ6: ='SurveyRpt_20150223 (1)'!G35+"h_l!7d" -> #VALUE! | HK6: ='SurveyRpt_20150223 (1)'!H35+"h_l!7e" -> #VALUE! | HL6: ='SurveyRpt_20150223 (1)'!I35+"h_l!7f" -> #VALUE! | HM6: ='SurveyRpt_20150223 (1)'!J35+"h_l!7g" -> #VALUE! | HN6: ='SurveyRpt_20150223 (1)'!K35+"h_l!7h" -> #VALUE! | HO6: ='SurveyRpt_20150223 (1)'!L35+"h_l!7i" -> #VALUE! | HP6: ='SurveyRpt_20150223 (1)'!M35+"h_l!7j" -> #VALUE! | HQ6: ='SurveyRpt_20150223 (1)'!N35+"h_l!7k" -> #VALUE! | HR6: ='SurveyRpt_20150223 (1)'!O35+"h_l!7l" -> #VALUE! | HS6: ='SurveyRpt_20150223 (1)'!P35+"h_l!7m" -> #VALUE! | HT6: ='SurveyRpt_20150223 (1)'!Q35+"h_l!7n" -> #VALUE! | HU6: ='SurveyRpt_20150223 (1)'!R35+"h_l!7o" -> #VALUE! | HV6: ='SurveyRpt_20150223 (1)'!S35+"h_l!7p" -> #VALUE! | HW6: ='SurveyRpt_20150223 (1)'!T35+"h_l!7q" -> #VALUE! | HX6: ='SurveyRpt_20150223 (1)'!U35+"h_l!7r" -> #VALUE! | HY6: ='SurveyRpt_20150223 (1)'!V35+"h_l!7s" -> #VALUE! | HZ6: ='SurveyRpt_20150223 (1)'!W35+"h_l!7t" -> #VALUE! | IA6: ='SurveyRpt_20150223 (1)'!X35+"h_l!7u" -> #VALUE! | IB6: ='SurveyRpt_20150223 (1)'!Y35+"h_l!7v" -> #VALUE! | IC6: ='SurveyRpt_20150223 (1)'!Z35+"h_l!7w" -> #VALUE! | ID6: ='SurveyRpt_20150223 (1)'!AA35+"h_l!7x" -> #VALUE! | IE6: ='SurveyRpt_20150223 (1)'!AB35+"h_l!7y" -> #VALUE! | IF6: ='SurveyRpt_20150223 (1)'!AC35+"h_l!7z" -> #VALUE! | IG6: ='SurveyRpt_20150223 (1)'!AD35+"h_l!7{" -> #VALUE! | IH6: ='SurveyRpt_20150223 (1)'!AE35+"h_l!7|" -> #VALUE! | II6: ='SurveyRpt_20150223 (1)'!AF35+"h_l!7}" -> #VALUE! | IJ6: ='SurveyRpt_20150223 (1)'!AG35+"h_l!7~" -> #VALUE! | IK6: ='SurveyRpt_20150223 (1)'!AH35+"h_l!8#" -> #VALUE! | IL6: ='SurveyRpt_20150223 (1)'!AI35+"h_l!8$" -> #VALUE! | IM6: ='SurveyRpt_20150223 (1)'!AJ35+"h_l!8%" -> #VALUE! | IN6: ='SurveyRpt_20150223 (1)'!AK35+"h_l!8&" -> #VALUE! | IO6: ='SurveyRpt_20150223 (1)'!AL35+"h_l!8'" -> #VALUE! | IP6: ='SurveyRpt_20150223 (1)'!AM35+"h_l!8(" -> #VALUE! | IQ6: ='SurveyRpt_20150223 (1)'!AN35+"h_l!8)" -> #VALUE! | IR6: ='SurveyRpt_20150223 (1)'!A36+"h_l!8." -> #VALUE! | IS6: ='SurveyRpt_20150223 (1)'!B36+"h_l!8/" -> #VALUE! | IT6: ='SurveyRpt_20150223 (1)'!C36+"h_l!80" -> #VALUE! | IU6: ='SurveyRpt_20150223 (1)'!D36+"h_l!81" -> #VALUE! | IV6: ='SurveyRpt_20150223 (1)'!E36+"h_l!82" -> #VALUE!
F7: ='SurveyRpt_20150223 (1)'!F36+"h_l!83" -> #VALUE! | G7: ='SurveyRpt_20150223 (1)'!G36+"h_l!84" -> #VALUE! | H7: ='SurveyRpt_20150223 (1)'!H36+"h_l!85" -> #VALUE! | I7: ='SurveyRpt_20150223 (1)'!I36+"h_l!86" -> #VALUE! | J7: ='SurveyRpt_20150223 (1)'!J36+"h_l!87" -> #VALUE! | K7: ='SurveyRpt_20150223 (1)'!K36+"h_l!88" -> #VALUE! | L7: ='SurveyRpt_20150223 (1)'!L36+"h_l!89" -> #VALUE! | M7: ='SurveyRpt_20150223 (1)'!M36+"h_l!8:" -> #VALUE! | N7: ='SurveyRpt_20150223 (1)'!N36+"h_l!8;" -> #VALUE! | O7: ='SurveyRpt_20150223 (1)'!O36+"h_l!8<" -> #VALUE! | P7: ='SurveyRpt_20150223 (1)'!P36+"h_l!8=" -> #VALUE! | Q7: ='SurveyRpt_20150223 (1)'!Q36+"h_l!8>" -> #VALUE! | R7: ='SurveyRpt_20150223 (1)'!R36+"h_l!8?" -> #VALUE! | S7: ='SurveyRpt_20150223 (1)'!S36+"h_l!8@" -> #VALUE! | T7: ='SurveyRpt_20150223 (1)'!T36+"h_l!8A" -> #VALUE! | U7: ='SurveyRpt_20150223 (1)'!U36+"h_l!8B" -> #VALUE! | V7: ='SurveyRpt_20150223 (1)'!V36+"h_l!8C" -> #VALUE! | W7: ='SurveyRpt_20150223 (1)'!W36+"h_l!8D" -> #VALUE! | X7: ='SurveyRpt_20150223 (1)'!X36+"h_l!8E" -> #VALUE! | Y7: ='SurveyRpt_20150223 (1)'!Y36+"h_l!8F" -> #VALUE! | Z7: ='SurveyRpt_20150223 (1)'!Z36+"h_l!8G" -> #VALUE! | AA7: ='SurveyRpt_20150223 (1)'!AA36+"h_l!8H" -> #VALUE! | AB7: ='SurveyRpt_20150223 (1)'!AB36+"h_l!8I" -> #VALUE! | AC7: ='SurveyRpt_20150223 (1)'!AC36+"h_l!8J" -> #VALUE! | AD7: ='SurveyRpt_20150223 (1)'!AD36+"h_l!8K" -> #VALUE! | AE7: ='SurveyRpt_20150223 (1)'!AE36+"h_l!8L" -> #VALUE! | AF7: ='SurveyRpt_20150223 (1)'!AF36+"h_l!8M" -> #VALUE! | AG7: ='SurveyRpt_20150223 (1)'!AG36+"h_l!8N" -> #VALUE! | AH7: ='SurveyRpt_20150223 (1)'!AH36+"h_l!8O" -> #VALUE! | AI7: ='SurveyRpt_20150223 (1)'!AI36+"h_l!8P" -> #VALUE! | AJ7: ='SurveyRpt_20150223 (1)'!AJ36+"h_l!8Q" -> #VALUE! | AK7: ='SurveyRpt_20150223 (1)'!AK36+"h_l!8R" -> #VALUE! | AL7: ='SurveyRpt_20150223 (1)'!AL36+"h_l!8S" -> #VALUE! | AM7: ='SurveyRpt_20150223 (1)'!AM36+"h_l!8T" -> #VALUE! | AN7: ='SurveyRpt_20150223 (1)'!AN36+"h_l!8U" -> #VALUE! | AO7: ='SurveyRpt_20150223 (1)'!A37+"h_l!8V" -> #VALUE! | AP7: ='SurveyRpt_20150223 (1)'!B37+"h_l!8W" -> #VALUE! | AQ7: ='SurveyRpt_20150223 (1)'!C37+"h_l!8X" -> #VALUE! | AR7: ='SurveyRpt_20150223 (1)'!D37+"h_l!8Y" -> #VALUE! | AS7: ='SurveyRpt_20150223 (1)'!E37+"h_l!8Z" -> #VALUE! | AT7: ='SurveyRpt_20150223 (1)'!F37+"h_l!8[" -> #VALUE! | AU7: ='SurveyRpt_20150223 (1)'!G37+"h_l!8\" -> #VALUE! | AV7: ='SurveyRpt_20150223 (1)'!H37+"h_l!8]" -> #VALUE! | AW7: ='SurveyRpt_20150223 (1)'!I37+"h_l!8^" -> #VALUE! | AX7: ='SurveyRpt_20150223 (1)'!J37+"h_l!8_" -> #VALUE! | AY7: ='SurveyRpt_20150223 (1)'!K37+"h_l!8`" -> #VALUE! | AZ7: ='SurveyRpt_20150223 (1)'!L37+"h_l!8a" -> #VALUE! | BA7: ='SurveyRpt_20150223 (1)'!M37+"h_l!8b" -> #VALUE! | BB7: ='SurveyRpt_20150223 (1)'!N37+"h_l!8c" -> #VALUE! | BC7: ='SurveyRpt_20150223 (1)'!O37+"h_l!8d" -> #VALUE! | BD7: ='SurveyRpt_20150223 (1)'!P37+"h_l!8e" -> #VALUE! | BE7: ='SurveyRpt_20150223 (1)'!Q37+"h_l!8f" -> #VALUE! | BF7: ='SurveyRpt_20150223 (1)'!R37+"h_l!8g" -> #VALUE! | BG7: ='SurveyRpt_20150223 (1)'!S37+"h_l!8h" -> #VALUE! | BH7: ='SurveyRpt_20150223 (1)'!T37+"h_l!8i" -> #VALUE! | BI7: ='SurveyRpt_20150223 (1)'!U37+"h_l!8j" -> #VALUE! | BJ7: ='SurveyRpt_20150223 (1)'!V37+"h_l!8k" -> #VALUE! | BK7: ='SurveyRpt_20150223 (1)'!W37+"h_l!8l" -> #VALUE! | BL7: ='SurveyRpt_20150223 (1)'!X37+"h_l!8m" -> #VALUE! | BM7: ='SurveyRpt_20150223 (1)'!Y37+"h_l!8n" -> #VALUE! | BN7: ='SurveyRpt_20150223 (1)'!Z37+"h_l!8o" -> #VALUE! | BO7: ='SurveyRpt_20150223 (1)'!AA37+"h_l!8p" -> #VALUE! | BP7: ='SurveyRpt_20150223 (1)'!AB37+"h_l!8q" -> #VALUE! | BQ7: ='SurveyRpt_20150223 (1)'!AC37+"h_l!8r" -> #VALUE! | BR7: ='SurveyRpt_20150223 (1)'!AD37+"h_l!8s" -> #VALUE! | BS7: ='SurveyRpt_20150223 (1)'!AE37+"h_l!8t" -> #VALUE! | BT7: ='SurveyRpt_20150223 (1)'!AF37+"h_l!8u" -> #VALUE! | BU7: ='SurveyRpt_20150223 (1)'!AG37+"h_l!8v" -> #VALUE! | BV7: ='SurveyRpt_20150223 (1)'!AH37+"h_l!8w" -> #VALUE! | BW7: ='SurveyRpt_20150223 (1)'!AI37+"h_l!8x" -> #VALUE! | BX7: ='SurveyRpt_20150223 (1)'!AJ37+"h_l!8y" -> #VALUE! | BY7: ='SurveyRpt_20150223 (1)'!AK37+"h_l!8z" -> #VALUE! | BZ7: ='SurveyRpt_20150223 (1)'!AL37+"h_l!8{" -> #VALUE! | CA7: ='SurveyRpt_20150223 (1)'!AM37+"h_l!8|" -> #VALUE! | CB7: ='SurveyRpt_20150223 (1)'!AN37+"h_l!8}" -> #VALUE! | CC7: ='SurveyRpt_20150223 (1)'!A38+"h_l!8~" -> #VALUE! | CD7: ='SurveyRpt_20150223 (1)'!B38+"h_l!9#" -> #VALUE! | CE7: ='SurveyRpt_20150223 (1)'!C38+"h_l!9$" -> #VALUE! | CF7: ='SurveyRpt_20150223 (1)'!D38+"h_l!9%" -> #VALUE! | CG7: ='SurveyRpt_20150223 (1)'!E38+"h_l!9&" -> #VALUE! | CH7: ='SurveyRpt_20150223 (1)'!F38+"h_l!9'" -> #VALUE! | CI7: ='SurveyRpt_20150223 (1)'!G38+"h_l!9(" -> #VALUE! | CJ7: ='SurveyRpt_20150223 (1)'!H38+"h_l!9)" -> #VALUE! | CK7: ='SurveyRpt_20150223 (1)'!I38+"h_l!9." -> #VALUE! | CL7: ='SurveyRpt_20150223 (1)'!J38+"h_l!9/" -> #VALUE! | CM7: ='SurveyRpt_20150223 (1)'!K38+"h_l!90" -> #VALUE! | CN7: ='SurveyRpt_20150223 (1)'!L38+"h_l!91" -> #VALUE! | CO7: ='SurveyRpt_20150223 (1)'!M38+"h_l!92" -> #VALUE! | CP7: ='SurveyRpt_20150223 (1)'!N38+"h_l!93" -> #VALUE! | CQ7: ='SurveyRpt_20150223 (1)'!O38+"h_l!94" -> #VALUE! | CR7: ='SurveyRpt_20150223 (1)'!P38+"h_l!95" -> #VALUE! | CS7: ='SurveyRpt_20150223 (1)'!Q38+"h_l!96" -> #VALUE! | CT7: ='SurveyRpt_20150223 (1)'!R38+"h_l!97" -> #VALUE! | CU7: ='SurveyRpt_20150223 (1)'!S38+"h_l!98" -> #VALUE! | CV7: ='SurveyRpt_20150223 (1)'!T38+"h_l!99" -> #VALUE! | CW7: ='SurveyRpt_20150223 (1)'!U38+"h_l!9:" -> #VALUE! | CX7: ='SurveyRpt_20150223 (1)'!V38+"h_l!9;" -> #VALUE! | CY7: ='SurveyRpt_20150223 (1)'!W38+"h_l!9<" -> #VALUE! | CZ7: ='SurveyRpt_20150223 (1)'!X38+"h_l!9=" -> #VALUE! | DA7: ='SurveyRpt_20150223 (1)'!Y38+"h_l!9>" -> #VALUE! | DB7: ='SurveyRpt_20150223 (1)'!Z38+"h_l!9?" -> #VALUE! | DC7: ='SurveyRpt_20150223 (1)'!AA38+"h_l!9@" -> #VALUE! | DD7: ='SurveyRpt_20150223 (1)'!AB38+"h_l!9A" -> #VALUE! | DE7: ='SurveyRpt_20150223 (1)'!AC38+"h_l!9B" -> #VALUE! | DF7: ='SurveyRpt_20150223 (1)'!AD38+"h_l!9C" -> #VALUE! | DG7: ='SurveyRpt_20150223 (1)'!AE38+"h_l!9D" -> #VALUE! | DH7: ='SurveyRpt_20150223 (1)'!AF38+"h_l!9E" -> #VALUE! | DI7: ='SurveyRpt_20150223 (1)'!AG38+"h_l!9F" -> #VALUE! | DJ7: ='SurveyRpt_20150223 (1)'!AH38+"h_l!9G" -> #VALUE! | DK7: ='SurveyRpt_20150223 (1)'!AI38+"h_l!9H" -> #VALUE! | DL7: ='SurveyRpt_20150223 (1)'!AJ38+"h_l!9I" -> #VALUE! | DM7: ='SurveyRpt_20150223 (1)'!AK38+"h_l!9J" -> #VALUE! | DN7: ='SurveyRpt_20150223 (1)'!AL38+"h_l!9K" -> #VALUE! | DO7: ='SurveyRpt_20150223 (1)'!AM38+"h_l!9L" -> #VALUE! | DP7: ='SurveyRpt_20150223 (1)'!AN38+"h_l!9M" -> #VALUE! | DQ7: ='SurveyRpt_20150223 (1)'!A39+"h_l!9N" -> #VALUE! | DR7: ='SurveyRpt_20150223 (1)'!B39+"h_l!9O" -> #VALUE! | DS7: ='SurveyRpt_20150223 (1)'!C39+"h_l!9P" -> #VALUE! | DT7: ='SurveyRpt_20150223 (1)'!D39+"h_l!9Q" -> #VALUE! | DU7: ='SurveyRpt_20150223 (1)'!E39+"h_l!9R" -> #VALUE! | DV7: ='SurveyRpt_20150223 (1)'!F39+"h_l!9S" -> #VALUE! | DW7: ='SurveyRpt_20150223 (1)'!G39+"h_l!9T" -> #VALUE! | DX7: ='SurveyRpt_20150223 (1)'!H39+"h_l!9U" -> #VALUE! | DY7: ='SurveyRpt_20150223 (1)'!I39+"h_l!9V" -> #VALUE! | DZ7: ='SurveyRpt_20150223 (1)'!J39+"h_l!9W" -> #VALUE! | EA7: ='SurveyRpt_20150223 (1)'!K39+"h_l!9X" -> #VALUE! | EB7: ='SurveyRpt_20150223 (1)'!L39+"h_l!9Y" -> #VALUE! | EC7: ='SurveyRpt_20150223 (1)'!M39+"h_l!9Z" -> #VALUE! | ED7: ='SurveyRpt_20150223 (1)'!N39+"h_l!9[" -> #VALUE! | EE7: ='SurveyRpt_20150223 (1)'!O39+"h_l!9\" -> #VALUE! | EF7: ='SurveyRpt_20150223 (1)'!P39+"h_l!9]" -> #VALUE! | EG7: ='SurveyRpt_20150223 (1)'!Q39+"h_l!9^" -> #VALUE! | EH7: ='SurveyRpt_20150223 (1)'!R39+"h_l!9_" -> #VALUE! | EI7: ='SurveyRpt_20150223 (1)'!S39+"h_l!9`" -> #VALUE! | EJ7: ='SurveyRpt_20150223 (1)'!T39+"h_l!9a" -> #VALUE! | EK7: ='SurveyRpt_20150223 (1)'!U39+"h_l!9b" -> #VALUE! | EL7: ='SurveyRpt_20150223 (1)'!V39+"h_l!9c" -> #VALUE! | EM7: ='SurveyRpt_20150223 (1)'!W39+"h_l!9d" -> #VALUE! | EN7: ='SurveyRpt_20150223 (1)'!X39+"h_l!9e" -> #VALUE! | EO7: ='SurveyRpt_20150223 (1)'!Y39+"h_l!9f" -> #VALUE! | EP7: ='SurveyRpt_20150223 (1)'!Z39+"h_l!9g" -> #VALUE! | EQ7: ='SurveyRpt_20150223 (1)'!AA39+"h_l!9h" -> #VALUE! | ER7: ='SurveyRpt_20150223 (1)'!AB39+"h_l!9i" -> #VALUE! | ES7: ='SurveyRpt_20150223 (1)'!AC39+"h_l!9j" -> #VALUE! | ET7: ='SurveyRpt_20150223 (1)'!AD39+"h_l!9k" -> #VALUE! | EU7: ='SurveyRpt_20150223 (1)'!AE39+"h_l!9l" -> #VALUE! | EV7: ='SurveyRpt_20150223 (1)'!AF39+"h_l!9m" -> #VALUE! | EW7: ='SurveyRpt_20150223 (1)'!AG39+"h_l!9n" -> #VALUE! | EX7: ='SurveyRpt_20150223 (1)'!AH39+"h_l!9o" -> #VALUE! | EY7: ='SurveyRpt_20150223 (1)'!AI39+"h_l!9p" -> #VALUE! | EZ7: ='SurveyRpt_20150223 (1)'!AJ39+"h_l!9q" -> #VALUE! | FA7: ='SurveyRpt_20150223 (1)'!AK39+"h_l!9r" -> #VALUE! | FB7: ='SurveyRpt_20150223 (1)'!AL39+"h_l!9s" -> #VALUE! | FC7: ='SurveyRpt_20150223 (1)'!AM39+"h_l!9t" -> #VALUE! | FD7: ='SurveyRpt_20150223 (1)'!AN39+"h_l!9u" -> #VALUE! | FE7: ='SurveyRpt_20150223 (1)'!A40+"h_l!9v" -> #VALUE! | FF7: ='SurveyRpt_20150223 (1)'!B40+"h_l!9w" -> #VALUE! | FG7: ='SurveyRpt_20150223 (1)'!C40+"h_l!9x" -> #VALUE! | FH7: ='SurveyRpt_20150223 (1)'!D40+"h_l!9y" -> #VALUE! | FI7: ='SurveyRpt_20150223 (1)'!E40+"h_l!9z" -> #VALUE! | FJ7: ='SurveyRpt_20150223 (1)'!F40+"h_l!9{" -> #VALUE! | FK7: ='SurveyRpt_20150223 (1)'!G40+"h_l!9|" -> #VALUE! | FL7: ='SurveyRpt_20150223 (1)'!H40+"h_l!9}" -> #VALUE! | FM7: ='SurveyRpt_20150223 (1)'!I40+"h_l!9~" -> #VALUE! | FN7: ='SurveyRpt_20150223 (1)'!J40+"h_l!:#" -> #VALUE! | FO7: ='SurveyRpt_20150223 (1)'!K40+"h_l!:$" -> #VALUE! | FP7: ='SurveyRpt_20150223 (1)'!L40+"h_l!:%" -> #VALUE! | FQ7: ='SurveyRpt_20150223 (1)'!M40+"h_l!:&" -> #VALUE! | FR7: ='SurveyRpt_20150223 (1)'!N40+"h_l!:'" -> #VALUE! | FS7: ='SurveyRpt_20150223 (1)'!O40+"h_l!:(" -> #VALUE! | FT7: ='SurveyRpt_20150223 (1)'!P40+"h_l!:)" -> #VALUE! | FU7: ='SurveyRpt_20150223 (1)'!Q40+"h_l!:." -> #VALUE! | FV7: ='SurveyRpt_20150223 (1)'!R40+"h_l!:/" -> #VALUE! | FW7: ='SurveyRpt_20150223 (1)'!S40+"h_l!:0" -> #VALUE! | FX7: ='SurveyRpt_20150223 (1)'!T40+"h_l!:1" -> #VALUE! | FY7: ='SurveyRpt_20150223 (1)'!U40+"h_l!:2" -> #VALUE! | FZ7: ='SurveyRpt_20150223 (1)'!V40+"h_l!:3" -> #VALUE! | GA7: ='SurveyRpt_20150223 (1)'!W40+"h_l!:4" -> #VALUE! | GB7: ='SurveyRpt_20150223 (1)'!X40+"h_l!:5" -> #VALUE! | GC7: ='SurveyRpt_20150223 (1)'!Y40+"h_l!:6" -> #VALUE! | GD7: ='SurveyRpt_20150223 (1)'!Z40+"h_l!:7" -> #VALUE! | GE7: ='SurveyRpt_20150223 (1)'!AA40+"h_l!:8" -> #VALUE! | GF7: ='SurveyRpt_20150223 (1)'!AB40+"h_l!:9" -> #VALUE! | GG7: ='SurveyRpt_20150223 (1)'!AC40+"h_l!::" -> #VALUE! | GH7: ='SurveyRpt_20150223 (1)'!AD40+"h_l!:;" -> #VALUE! | GI7: ='SurveyRpt_20150223 (1)'!AE40+"h_l!:<" -> #VALUE! | GJ7: ='SurveyRpt_20150223 (1)'!AF40+"h_l!:=" -> #VALUE! | GK7: ='SurveyRpt_20150223 (1)'!AG40+"h_l!:>" -> #VALUE! | GL7: ='SurveyRpt_20150223 (1)'!AH40+"h_l!:?" -> #VALUE! | GM7: ='SurveyRpt_20150223 (1)'!AI40+"h_l!:@" -> #VALUE! | GN7: ='SurveyRpt_20150223 (1)'!AJ40+"h_l!:A" -> #VALUE! | GO7: ='SurveyRpt_20150223 (1)'!AK40+"h_l!:B" -> #VALUE! | GP7: ='SurveyRpt_20150223 (1)'!AL40+"h_l!:C" -> #VALUE! | GQ7: ='SurveyRpt_20150223 (1)'!AM40+"h_l!:D" -> #VALUE! | GR7: ='SurveyRpt_20150223 (1)'!AN40+"h_l!:E" -> #VALUE! | GS7: ='SurveyRpt_20150223 (1)'!A41+"h_l!:F" -> #VALUE! | GT7: ='SurveyRpt_20150223 (1)'!B41+"h_l!:G" -> #VALUE! | GU7: ='SurveyRpt_20150223 (1)'!C41+"h_l!:H" -> #VALUE! | GV7: ='SurveyRpt_20150223 (1)'!D41+"h_l!:I" -> #VALUE! | GW7: ='SurveyRpt_20150223 (1)'!E41+"h_l!:J" -> #VALUE! | GX7: ='SurveyRpt_20150223 (1)'!F41+"h_l!:K" -> #VALUE! | GY7: ='SurveyRpt_20150223 (1)'!G41+"h_l!:L" -> #VALUE! | GZ7: ='SurveyRpt_20150223 (1)'!H41+"h_l!:M" -> #VALUE! | HA7: ='SurveyRpt_20150223 (1)'!I41+"h_l!:N" -> #VALUE! | HB7: ='SurveyRpt_20150223 (1)'!J41+"h_l!:O" -> #VALUE! | HC7: ='SurveyRpt_20150223 (1)'!K41+"h_l!:P" -> #VALUE! | HD7: ='SurveyRpt_20150223 (1)'!L41+"h_l!:Q" -> #VALUE! | HE7: ='SurveyRpt_20150223 (1)'!M41+"h_l!:R" -> #VALUE! | HF7: ='SurveyRpt_20150223 (1)'!N41+"h_l!:S" -> #VALUE! | HG7: ='SurveyRpt_20150223 (1)'!O41+"h_l!:T" -> #VALUE! | HH7: ='SurveyRpt_20150223 (1)'!P41+"h_l!:U" -> #VALUE! | HI7: ='SurveyRpt_20150223 (1)'!Q41+"h_l!:V" -> #VALUE! | HJ7: ='SurveyRpt_20150223 (1)'!R41+"h_l!:W" -> #VALUE! | HK7: ='SurveyRpt_20150223 (1)'!S41+"h_l!:X" -> #VALUE! | HL7: ='SurveyRpt_20150223 (1)'!T41+"h_l!:Y" -> #VALUE! | HM7: ='SurveyRpt_20150223 (1)'!U41+"h_l!:Z" -> #VALUE! | HN7: ='SurveyRpt_20150223 (1)'!V41+"h_l!:[" -> #VALUE! | HO7: ='SurveyRpt_20150223 (1)'!W41+"h_l!:\" -> #VALUE! | HP7: ='SurveyRpt_20150223 (1)'!X41+"h_l!:]" -> #VALUE! | HQ7: ='SurveyRpt_20150223 (1)'!Y41+"h_l!:^" -> #VALUE! | HR7: ='SurveyRpt_20150223 (1)'!Z41+"h_l!:_" -> #VALUE! | HS7: ='SurveyRpt_20150223 (1)'!AA41+"h_l!:`" -> #VALUE! | HT7: ='SurveyRpt_20150223 (1)'!AB41+"h_l!:a" -> #VALUE! | HU7: ='SurveyRpt_20150223 (1)'!AC41+"h_l!:b" -> #VALUE! | HV7: ='SurveyRpt_20150223 (1)'!AD41+"h_l!:c" -> #VALUE! | HW7: ='SurveyRpt_20150223 (1)'!AE41+"h_l!:d" -> #VALUE! | HX7: ='SurveyRpt_20150223 (1)'!AF41+"h_l!:e" -> #VALUE! | HY7: ='SurveyRpt_20150223 (1)'!AG41+"h_l!:f" -> #VALUE! | HZ7: ='SurveyRpt_20150223 (1)'!AH41+"h_l!:g" -> #VALUE! | IA7: ='SurveyRpt_20150223 (1)'!AI41+"h_l!:h" -> #VALUE! | IB7: ='SurveyRpt_20150223 (1)'!AJ41+"h_l!:i" -> #VALUE! | IC7: ='SurveyRpt_20150223 (1)'!AK41+"h_l!:j" -> #VALUE! | ID7: ='SurveyRpt_20150223 (1)'!AL41+"h_l!:k" -> #VALUE! | IE7: ='SurveyRpt_20150223 (1)'!AM41+"h_l!:l" -> #VALUE! | IF7: ='SurveyRpt_20150223 (1)'!AN41+"h_l!:m" -> #VALUE! | IG7: ='SurveyRpt_20150223 (1)'!A42+"h_l!:n" -> #VALUE! | IH7: ='SurveyRpt_20150223 (1)'!B42+"h_l!:o" -> #VALUE! | II7: ='SurveyRpt_20150223 (1)'!C42+"h_l!:p" -> #VALUE! | IJ7: ='SurveyRpt_20150223 (1)'!D42+"h_l!:q" -> #VALUE! | IK7: ='SurveyRpt_20150223 (1)'!E42+"h_l!:r" -> #VALUE! | IL7: ='SurveyRpt_20150223 (1)'!F42+"h_l!:s" -> #VALUE! | IM7: ='SurveyRpt_20150223 (1)'!G42+"h_l!:t" -> #VALUE! | IN7: ='SurveyRpt_20150223 (1)'!H42+"h_l!:u" -> #VALUE! | IO7: ='SurveyRpt_20150223 (1)'!I42+"h_l!:v" -> #VALUE! | IP7: ='SurveyRpt_20150223 (1)'!J42+"h_l!:w" -> #VALUE! | IQ7: ='SurveyRpt_20150223 (1)'!K42+"h_l!:x" -> #VALUE! | IR7: ='SurveyRpt_20150223 (1)'!L42+"h_l!:y" -> #VALUE! | IS7: ='SurveyRpt_20150223 (1)'!M42+"h_l!:z" -> #VALUE! | IT7: ='SurveyRpt_20150223 (1)'!N42+"h_l!:{" -> #VALUE! | IU7: ='SurveyRpt_20150223 (1)'!O42+"h_l!:|" -> #VALUE! | IV7: ='SurveyRpt_20150223 (1)'!P42+"h_l!:}" -> #VALUE!
F8: ='SurveyRpt_20150223 (1)'!Q42+"h_l!:~" -> #VALUE! | G8: ='SurveyRpt_20150223 (1)'!R42+"h_l!;#" -> #VALUE! | H8: ='SurveyRpt_20150223 (1)'!S42+"h_l!;$" -> #VALUE! | I8: ='SurveyRpt_20150223 (1)'!T42+"h_l!;%" -> #VALUE! | J8: ='SurveyRpt_20150223 (1)'!U42+"h_l!;&" -> #VALUE! | K8: ='SurveyRpt_20150223 (1)'!V42+"h_l!;'" -> #VALUE! | L8: ='SurveyRpt_20150223 (1)'!W42+"h_l!;(" -> #VALUE! | M8: ='SurveyRpt_20150223 (1)'!X42+"h_l!;)" -> #VALUE! | N8: ='SurveyRpt_20150223 (1)'!Y42+"h_l!;." -> #VALUE! | O8: ='SurveyRpt_20150223 (1)'!Z42+"h_l!;/" -> #VALUE! | P8: ='SurveyRpt_20150223 (1)'!AA42+"h_l!;0" -> #VALUE! | Q8: ='SurveyRpt_20150223 (1)'!AB42+"h_l!;1" -> #VALUE! | R8: ='SurveyRpt_20150223 (1)'!AC42+"h_l!;2" -> #VALUE! | S8: ='SurveyRpt_20150223 (1)'!AD42+"h_l!;3" -> #VALUE! | T8: ='SurveyRpt_20150223 (1)'!AE42+"h_l!;4" -> #VALUE! | U8: ='SurveyRpt_20150223 (1)'!AF42+"h_l!;5" -> #VALUE! | V8: ='SurveyRpt_20150223 (1)'!AG42+"h_l!;6" -> #VALUE! | W8: ='SurveyRpt_20150223 (1)'!AH42+"h_l!;7" -> #VALUE! | X8: ='SurveyRpt_20150223 (1)'!AI42+"h_l!;8" -> #VALUE! | Y8: ='SurveyRpt_20150223 (1)'!AJ42+"h_l!;9" -> #VALUE! | Z8: ='SurveyRpt_20150223 (1)'!AK42+"h_l!;:" -> #VALUE! | AA8: ='SurveyRpt_20150223 (1)'!AL42+"h_l!;;" -> #VALUE! | AB8: ='SurveyRpt_20150223 (1)'!AM42+"h_l!;<" -> #VALUE! | AC8: ='SurveyRpt_20150223 (1)'!AN42+"h_l!;=" -> #VALUE! | AD8: ='SurveyRpt_20150223 (1)'!A43+"h_l!;>" -> #VALUE! | AE8: ='SurveyRpt_20150223 (1)'!B43+"h_l!;?" -> #VALUE! | AF8: ='SurveyRpt_20150223 (1)'!C43+"h_l!;@" -> #VALUE! | AG8: ='SurveyRpt_20150223 (1)'!D43+"h_l!;A" -> #VALUE! | AH8: ='SurveyRpt_20150223 (1)'!E43+"h_l!;B" -> #VALUE! | AI8: ='SurveyRpt_20150223 (1)'!F43+"h_l!;C" -> #VALUE! | AJ8: ='SurveyRpt_20150223 (1)'!G43+"h_l!;D" -> #VALUE! | AK8: ='SurveyRpt_20150223 (1)'!H43+"h_l!;E" -> #VALUE! | AL8: ='SurveyRpt_20150223 (1)'!I43+"h_l!;F" -> #VALUE! | AM8: ='SurveyRpt_20150223 (1)'!J43+"h_l!;G" -> #VALUE! | AN8: ='SurveyRpt_20150223 (1)'!K43+"h_l!;H" -> #VALUE! | AO8: ='SurveyRpt_20150223 (1)'!L43+"h_l!;I" -> #VALUE! | AP8: ='SurveyRpt_20150223 (1)'!M43+"h_l!;J" -> #VALUE! | AQ8: ='SurveyRpt_20150223 (1)'!N43+"h_l!;K" -> #VALUE! | AR8: ='SurveyRpt_20150223 (1)'!O43+"h_l!;L" -> #VALUE! | AS8: ='SurveyRpt_20150223 (1)'!P43+"h_l!;M" -> #VALUE! | AT8: ='SurveyRpt_20150223 (1)'!Q43+"h_l!;N" -> #VALUE! | AU8: ='SurveyRpt_20150223 (1)'!R43+"h_l!;O" -> #VALUE! | AV8: ='SurveyRpt_20150223 (1)'!S43+"h_l!;P" -> #VALUE! | AW8: ='SurveyRpt_20150223 (1)'!T43+"h_l!;Q" -> #VALUE! | AX8: ='SurveyRpt_20150223 (1)'!U43+"h_l!;R" -> #VALUE! | AY8: ='SurveyRpt_20150223 (1)'!V43+"h_l!;S" -> #VALUE! | AZ8: ='SurveyRpt_20150223 (1)'!W43+"h_l!;T" -> #VALUE! | BA8: ='SurveyRpt_20150223 (1)'!X43+"h_l!;U" -> #VALUE! | BB8: ='SurveyRpt_20150223 (1)'!Y43+"h_l!;V" -> #VALUE! | BC8: ='SurveyRpt_20150223 (1)'!Z43+"h_l!;W" -> #VALUE! | BD8: ='SurveyRpt_20150223 (1)'!AA43+"h_l!;X" -> #VALUE! | BE8: ='SurveyRpt_20150223 (1)'!AB43+"h_l!;Y" -> #VALUE! | BF8: ='SurveyRpt_20150223 (1)'!AC43+"h_l!;Z" -> #VALUE! | BG8: ='SurveyRpt_20150223 (1)'!AD43+"h_l!;[" -> #VALUE! | BH8: ='SurveyRpt_20150223 (1)'!AE43+"h_l!;\" -> #VALUE! | BI8: ='SurveyRpt_20150223 (1)'!AF43+"h_l!;]" -> #VALUE! | BJ8: ='SurveyRpt_20150223 (1)'!AG43+"h_l!;^" -> #VALUE! | BK8: ='SurveyRpt_20150223 (1)'!AH43+"h_l!;_" -> #VALUE! | BL8: ='SurveyRpt_20150223 (1)'!AI43+"h_l!;`" -> #VALUE! | BM8: ='SurveyRpt_20150223 (1)'!AJ43+"h_l!;a" -> #VALUE! | BN8: ='SurveyRpt_20150223 (1)'!AK43+"h_l!;b" -> #VALUE! | BO8: ='SurveyRpt_20150223 (1)'!AL43+"h_l!;c" -> #VALUE! | BP8: ='SurveyRpt_20150223 (1)'!AM43+"h_l!;d" -> #VALUE! | BQ8: ='SurveyRpt_20150223 (1)'!AN43+"h_l!;e" -> #VALUE! | BR8: ='SurveyRpt_20150223 (1)'!A44+"h_l!;f" -> #VALUE! | BS8: ='SurveyRpt_20150223 (1)'!B44+"h_l!;g" -> #VALUE! | BT8: ='SurveyRpt_20150223 (1)'!C44+"h_l!;h" -> #VALUE! | BU8: ='SurveyRpt_20150223 (1)'!D44+"h_l!;i" -> #VALUE! | BV8: ='SurveyRpt_20150223 (1)'!E44+"h_l!;j" -> #VALUE! | BW8: ='SurveyRpt_20150223 (1)'!F44+"h_l!;k" -> #VALUE! | BX8: ='SurveyRpt_20150223 (1)'!G44+"h_l!;l" -> #VALUE! | BY8: ='SurveyRpt_20150223 (1)'!H44+"h_l!;m" -> #VALUE! | BZ8: ='SurveyRpt_20150223 (1)'!I44+"h_l!;n" -> #VALUE! | CA8: ='SurveyRpt_20150223 (1)'!J44+"h_l!;o" -> #VALUE! | CB8: ='SurveyRpt_20150223 (1)'!K44+"h_l!;p" -> #VALUE! | CC8: ='SurveyRpt_20150223 (1)'!L44+"h_l!;q" -> #VALUE! | CD8: ='SurveyRpt_20150223 (1)'!M44+"h_l!;r" -> #VALUE! | CE8: ='SurveyRpt_20150223 (1)'!N44+"h_l!;s" -> #VALUE! | CF8: ='SurveyRpt_20150223 (1)'!O44+"h_l!;t" -> #VALUE! | CG8: ='SurveyRpt_20150223 (1)'!P44+"h_l!;u" -> #VALUE! | CH8: ='SurveyRpt_20150223 (1)'!Q44+"h_l!;v" -> #VALUE! | CI8: ='SurveyRpt_20150223 (1)'!R44+"h_l!;w" -> #VALUE! | CJ8: ='SurveyRpt_20150223 (1)'!S44+"h_l!;x" -> #VALUE! | CK8: ='SurveyRpt_20150223 (1)'!T44+"h_l!;y" -> #VALUE! | CL8: ='SurveyRpt_20150223 (1)'!U44+"h_l!;z" -> #VALUE! | CM8: ='SurveyRpt_20150223 (1)'!V44+"h_l!;{" -> #VALUE! | CN8: ='SurveyRpt_20150223 (1)'!W44+"h_l!;|" -> #VALUE! | CO8: ='SurveyRpt_20150223 (1)'!X44+"h_l!;}" -> #VALUE! | CP8: ='SurveyRpt_20150223 (1)'!Y44+"h_l!;~" -> #VALUE! | CQ8: ='SurveyRpt_20150223 (1)'!Z44+"h_l!<#" -> #VALUE! | CR8: ='SurveyRpt_20150223 (1)'!AA44+"h_l!<$" -> #VALUE! | CS8: ='SurveyRpt_20150223 (1)'!AB44+"h_l!<%" -> #VALUE! | CT8: ='SurveyRpt_20150223 (1)'!AC44+"h_l!<&" -> #VALUE! | CU8: ='SurveyRpt_20150223 (1)'!AD44+"h_l!<'" -> #VALUE! | CV8: ='SurveyRpt_20150223 (1)'!AE44+"h_l!<(" -> #VALUE! | CW8: ='SurveyRpt_20150223 (1)'!AF44+"h_l!<)" -> #VALUE! | CX8: ='SurveyRpt_20150223 (1)'!AG44+"h_l!<." -> #VALUE! | CY8: ='SurveyRpt_20150223 (1)'!AH44+"h_l!</" -> #VALUE! | CZ8: ='SurveyRpt_20150223 (1)'!AI44+"h_l!<0" -> #VALUE! | DA8: ='SurveyRpt_20150223 (1)'!AJ44+"h_l!<1" -> #VALUE! | DB8: ='SurveyRpt_20150223 (1)'!AK44+"h_l!<2" -> #VALUE! | DC8: ='SurveyRpt_20150223 (1)'!AL44+"h_l!<3" -> #VALUE! | DD8: ='SurveyRpt_20150223 (1)'!AM44+"h_l!<4" -> #VALUE! | DE8: ='SurveyRpt_20150223 (1)'!AN44+"h_l!<5" -> #VALUE! | DF8: ='SurveyRpt_20150223 (1)'!A45+"h_l!<6" -> #VALUE! | DG8: ='SurveyRpt_20150223 (1)'!B45+"h_l!<7" -> #VALUE! | DH8: ='SurveyRpt_20150223 (1)'!C45+"h_l!<8" -> #VALUE! | DI8: ='SurveyRpt_20150223 (1)'!D45+"h_l!<9" -> #VALUE! | DJ8: ='SurveyRpt_20150223 (1)'!E45+"h_l!<:" -> #VALUE! | DK8: ='SurveyRpt_20150223 (1)'!F45+"h_l!<;" -> #VALUE! | DL8: ='SurveyRpt_20150223 (1)'!G45+"h_l!<<" -> #VALUE! | DM8: ='SurveyRpt_20150223 (1)'!H45+"h_l!<=" -> #VALUE! | DN8: ='SurveyRpt_20150223 (1)'!I45+"h_l!<>" -> #VALUE! | DO8: ='SurveyRpt_20150223 (1)'!J45+"h_l!<?" -> #VALUE! | DP8: ='SurveyRpt_20150223 (1)'!K45+"h_l!<@" -> #VALUE! | DQ8: ='SurveyRpt_20150223 (1)'!L45+"h_l!<A" -> #VALUE! | DR8: ='SurveyRpt_20150223 (1)'!M45+"h_l!<B" -> #VALUE! | DS8: ='SurveyRpt_20150223 (1)'!N45+"h_l!<C" -> #VALUE! | DT8: ='SurveyRpt_20150223 (1)'!O45+"h_l!<D" -> #VALUE! | DU8: ='SurveyRpt_20150223 (1)'!P45+"h_l!<E" -> #VALUE! | DV8: ='SurveyRpt_20150223 (1)'!Q45+"h_l!<F" -> #VALUE! | DW8: ='SurveyRpt_20150223 (1)'!R45+"h_l!<G" -> #VALUE! | DX8: ='SurveyRpt_20150223 (1)'!S45+"h_l!<H" -> #VALUE! | DY8: ='SurveyRpt_20150223 (1)'!T45+"h_l!<I" -> #VALUE! | DZ8: ='SurveyRpt_20150223 (1)'!U45+"h_l!<J" -> #VALUE! | EA8: ='SurveyRpt_20150223 (1)'!V45+"h_l!<K" -> #VALUE! | EB8: ='SurveyRpt_20150223 (1)'!W45+"h_l!<L" -> #VALUE! | EC8: ='SurveyRpt_20150223 (1)'!X45+"h_l!<M" -> #VALUE! | ED8: ='SurveyRpt_20150223 (1)'!Y45+"h_l!<N" -> #VALUE! | EE8: ='SurveyRpt_20150223 (1)'!Z45+"h_l!<O" -> #VALUE! | EF8: ='SurveyRpt_20150223 (1)'!AA45+"h_l!<P" -> #VALUE! | EG8: ='SurveyRpt_20150223 (1)'!AB45+"h_l!<Q" -> #VALUE! | EH8: ='SurveyRpt_20150223 (1)'!AC45+"h_l!<R" -> #VALUE! | EI8: ='SurveyRpt_20150223 (1)'!AD45+"h_l!<S" -> #VALUE! | EJ8: ='SurveyRpt_20150223 (1)'!AE45+"h_l!<T" -> #VALUE! | EK8: ='SurveyRpt_20150223 (1)'!AF45+"h_l!<U" -> #VALUE! | EL8: ='SurveyRpt_20150223 (1)'!AG45+"h_l!<V" -> #VALUE! | EM8: ='SurveyRpt_20150223 (1)'!AH45+"h_l!<W" -> #VALUE! | EN8: ='SurveyRpt_20150223 (1)'!AI45+"h_l!<X" -> #VALUE! | EO8: ='SurveyRpt_20150223 (1)'!AJ45+"h_l!<Y" -> #VALUE! | EP8: ='SurveyRpt_20150223 (1)'!AK45+"h_l!<Z" -> #VALUE! | EQ8: ='SurveyRpt_20150223 (1)'!AL45+"h_l!<[" -> #VALUE! | ER8: ='SurveyRpt_20150223 (1)'!AM45+"h_l!<\" -> #VALUE! | ES8: ='SurveyRpt_20150223 (1)'!AN45+"h_l!<]" -> #VALUE! | ET8: ='SurveyRpt_20150223 (1)'!A46+"h_l!<^" -> #VALUE! | EU8: ='SurveyRpt_20150223 (1)'!B46+"h_l!<_" -> #VALUE! | EV8: ='SurveyRpt_20150223 (1)'!C46+"h_l!<`" -> #VALUE! | EW8: ='SurveyRpt_20150223 (1)'!D46+"h_l!<a" -> #VALUE! | EX8: ='SurveyRpt_20150223 (1)'!E46+"h_l!<b" -> #VALUE! | EY8: ='SurveyRpt_20150223 (1)'!F46+"h_l!<c" -> #VALUE! | EZ8: ='SurveyRpt_20150223 (1)'!G46+"h_l!<d" -> #VALUE! | FA8: ='SurveyRpt_20150223 (1)'!H46+"h_l!<e" -> #VALUE! | FB8: ='SurveyRpt_20150223 (1)'!I46+"h_l!<f" -> #VALUE! | FC8: ='SurveyRpt_20150223 (1)'!J46+"h_l!<g" -> #VALUE! | FD8: ='SurveyRpt_20150223 (1)'!K46+"h_l!<h" -> #VALUE! | FE8: ='SurveyRpt_20150223 (1)'!L46+"h_l!<i" -> #VALUE! | FF8: ='SurveyRpt_20150223 (1)'!M46+"h_l!<j" -> #VALUE! | FG8: ='SurveyRpt_20150223 (1)'!N46+"h_l!<k" -> #VALUE! | FH8: ='SurveyRpt_20150223 (1)'!O46+"h_l!<l" -> #VALUE! | FI8: ='SurveyRpt_20150223 (1)'!P46+"h_l!<m" -> #VALUE! | FJ8: ='SurveyRpt_20150223 (1)'!Q46+"h_l!<n" -> #VALUE! | FK8: ='SurveyRpt_20150223 (1)'!R46+"h_l!<o" -> #VALUE! | FL8: ='SurveyRpt_20150223 (1)'!S46+"h_l!<p" -> #VALUE! | FM8: ='SurveyRpt_20150223 (1)'!T46+"h_l!<q" -> #VALUE! | FN8: ='SurveyRpt_20150223 (1)'!U46+"h_l!<r" -> #VALUE! | FO8: ='SurveyRpt_20150223 (1)'!V46+"h_l!<s" -> #VALUE! | FP8: ='SurveyRpt_20150223 (1)'!W46+"h_l!<t" -> #VALUE! | FQ8: ='SurveyRpt_20150223 (1)'!X46+"h_l!<u" -> #VALUE! | FR8: ='SurveyRpt_20150223 (1)'!Y46+"h_l!<v" -> #VALUE! | FS8: ='SurveyRpt_20150223 (1)'!Z46+"h_l!<w" -> #VALUE! | FT8: ='SurveyRpt_20150223 (1)'!AA46+"h_l!<x" -> #VALUE! | FU8: ='SurveyRpt_20150223 (1)'!AB46+"h_l!<y" -> #VALUE! | FV8: ='SurveyRpt_20150223 (1)'!AC46+"h_l!<z" -> #VALUE! | FW8: ='SurveyRpt_20150223 (1)'!AD46+"h_l!<{" -> #VALUE! | FX8: ='SurveyRpt_20150223 (1)'!AE46+"h_l!<|" -> #VALUE! | FY8: ='SurveyRpt_20150223 (1)'!AF46+"h_l!<}" -> #VALUE! | FZ8: ='SurveyRpt_20150223 (1)'!AG46+"h_l!<~" -> #VALUE! | GA8: ='SurveyRpt_20150223 (1)'!AH46+"h_l!=#" -> #VALUE! | GB8: ='SurveyRpt_20150223 (1)'!AI46+"h_l!=$" -> #VALUE! | GC8: ='SurveyRpt_20150223 (1)'!AJ46+"h_l!=%" -> #VALUE! | GD8: ='SurveyRpt_20150223 (1)'!AK46+"h_l!=&" -> #VALUE! | GE8: ='SurveyRpt_20150223 (1)'!AL46+"h_l!='" -> #VALUE! | GF8: ='SurveyRpt_20150223 (1)'!AM46+"h_l!=(" -> #VALUE! | GG8: ='SurveyRpt_20150223 (1)'!AN46+"h_l!=)" -> #VALUE! | GH8: ='SurveyRpt_20150223 (1)'!A47+"h_l!=." -> #VALUE! | GI8: ='SurveyRpt_20150223 (1)'!B47+"h_l!=/" -> #VALUE! | GJ8: ='SurveyRpt_20150223 (1)'!C47+"h_l!=0" -> #VALUE! | GK8: ='SurveyRpt_20150223 (1)'!D47+"h_l!=1" -> #VALUE! | GL8: ='SurveyRpt_20150223 (1)'!E47+"h_l!=2" -> #VALUE! | GM8: ='SurveyRpt_20150223 (1)'!F47+"h_l!=3" -> #VALUE! | GN8: ='SurveyRpt_20150223 (1)'!G47+"h_l!=4" -> #VALUE! | GO8: ='SurveyRpt_20150223 (1)'!H47+"h_l!=5" -> #VALUE! | GP8: ='SurveyRpt_20150223 (1)'!I47+"h_l!=6" -> #VALUE! | GQ8: ='SurveyRpt_20150223 (1)'!J47+"h_l!=7" -> #VALUE! | GR8: ='SurveyRpt_20150223 (1)'!K47+"h_l!=8" -> #VALUE! | GS8: ='SurveyRpt_20150223 (1)'!L47+"h_l!=9" -> #VALUE! | GT8: ='SurveyRpt_20150223 (1)'!M47+"h_l!=:" -> #VALUE! | GU8: ='SurveyRpt_20150223 (1)'!N47+"h_l!=;" -> #VALUE! | GV8: ='SurveyRpt_20150223 (1)'!O47+"h_l!=<" -> #VALUE! | GW8: ='SurveyRpt_20150223 (1)'!P47+"h_l!==" -> #VALUE! | GX8: ='SurveyRpt_20150223 (1)'!Q47+"h_l!=>" -> #VALUE! | GY8: ='SurveyRpt_20150223 (1)'!R47+"h_l!=?" -> #VALUE! | GZ8: ='SurveyRpt_20150223 (1)'!S47+"h_l!=@" -> #VALUE! | HA8: ='SurveyRpt_20150223 (1)'!T47+"h_l!=A" -> #VALUE! | HB8: ='SurveyRpt_20150223 (1)'!U47+"h_l!=B" -> #VALUE! | HC8: ='SurveyRpt_20150223 (1)'!V47+"h_l!=C" -> #VALUE! | HD8: ='SurveyRpt_20150223 (1)'!W47+"h_l!=D" -> #VALUE! | HE8: ='SurveyRpt_20150223 (1)'!X47+"h_l!=E" -> #VALUE! | HF8: ='SurveyRpt_20150223 (1)'!Y47+"h_l!=F" -> #VALUE! | HG8: ='SurveyRpt_20150223 (1)'!Z47+"h_l!=G" -> #VALUE! | HH8: ='SurveyRpt_20150223 (1)'!AA47+"h_l!=H" -> #VALUE! | HI8: ='SurveyRpt_20150223 (1)'!AB47+"h_l!=I" -> #VALUE! | HJ8: ='SurveyRpt_20150223 (1)'!AC47+"h_l!=J" -> #VALUE! | HK8: ='SurveyRpt_20150223 (1)'!AD47+"h_l!=K" -> #VALUE! | HL8: ='SurveyRpt_20150223 (1)'!AE47+"h_l!=L" -> #VALUE! | HM8: ='SurveyRpt_20150223 (1)'!AF47+"h_l!=M" -> #VALUE! | HN8: ='SurveyRpt_20150223 (1)'!AG47+"h_l!=N" -> #VALUE! | HO8: ='SurveyRpt_20150223 (1)'!AH47+"h_l!=O" -> #VALUE! | HP8: ='SurveyRpt_20150223 (1)'!AI47+"h_l!=P" -> #VALUE! | HQ8: ='SurveyRpt_20150223 (1)'!AJ47+"h_l!=Q" -> #VALUE! | HR8: ='SurveyRpt_20150223 (1)'!AK47+"h_l!=R" -> #VALUE! | HS8: ='SurveyRpt_20150223 (1)'!AL47+"h_l!=S" -> #VALUE! | HT8: ='SurveyRpt_20150223 (1)'!AM47+"h_l!=T" -> #VALUE! | HU8: ='SurveyRpt_20150223 (1)'!AN47+"h_l!=U" -> #VALUE! | HV8: ='SurveyRpt_20150223 (1)'!A48+"h_l!=V" -> #VALUE! | HW8: ='SurveyRpt_20150223 (1)'!B48+"h_l!=W" -> #VALUE! | HX8: ='SurveyRpt_20150223 (1)'!C48+"h_l!=X" -> #VALUE! | HY8: ='SurveyRpt_20150223 (1)'!D48+"h_l!=Y" -> #VALUE! | HZ8: ='SurveyRpt_20150223 (1)'!E48+"h_l!=Z" -> #VALUE! | IA8: ='SurveyRpt_20150223 (1)'!F48+"h_l!=[" -> #VALUE! | IB8: ='SurveyRpt_20150223 (1)'!G48+"h_l!=\" -> #VALUE! | IC8: ='SurveyRpt_20150223 (1)'!H48+"h_l!=]" -> #VALUE! | ID8: ='SurveyRpt_20150223 (1)'!I48+"h_l!=^" -> #VALUE! | IE8: ='SurveyRpt_20150223 (1)'!J48+"h_l!=_" -> #VALUE! | IF8: ='SurveyRpt_20150223 (1)'!K48+"h_l!=`" -> #VALUE! | IG8: ='SurveyRpt_20150223 (1)'!L48+"h_l!=a" -> #VALUE! | IH8: ='SurveyRpt_20150223 (1)'!M48+"h_l!=b" -> #VALUE! | II8: ='SurveyRpt_20150223 (1)'!N48+"h_l!=c" -> #VALUE! | IJ8: ='SurveyRpt_20150223 (1)'!O48+"h_l!=d" -> #VALUE! | IK8: ='SurveyRpt_20150223 (1)'!P48+"h_l!=e" -> #VALUE! | IL8: ='SurveyRpt_20150223 (1)'!Q48+"h_l!=f" -> #VALUE! | IM8: ='SurveyRpt_20150223 (1)'!R48+"h_l!=g" -> #VALUE! | IN8: ='SurveyRpt_20150223 (1)'!S48+"h_l!=h" -> #VALUE! | IO8: ='SurveyRpt_20150223 (1)'!T48+"h_l!=i" -> #VALUE! | IP8: ='SurveyRpt_20150223 (1)'!U48+"h_l!=j" -> #VALUE! | IQ8: ='SurveyRpt_20150223 (1)'!V48+"h_l!=k" -> #VALUE! | IR8: ='SurveyRpt_20150223 (1)'!W48+"h_l!=l" -> #VALUE! | IS8: ='SurveyRpt_20150223 (1)'!X48+"h_l!=m" -> #VALUE! | IT8: ='SurveyRpt_20150223 (1)'!Y48+"h_l!=n" -> #VALUE! | IU8: ='SurveyRpt_20150223 (1)'!Z48+"h_l!=o" -> #VALUE! | IV8: ='SurveyRpt_20150223 (1)'!AA48+"h_l!=p" -> #VALUE!
F9: ='SurveyRpt_20150223 (1)'!AB48+"h_l!=q" -> #VALUE! | G9: ='SurveyRpt_20150223 (1)'!AC48+"h_l!=r" -> #VALUE! | H9: ='SurveyRpt_20150223 (1)'!AD48+"h_l!=s" -> #VALUE! | I9: ='SurveyRpt_20150223 (1)'!AE48+"h_l!=t" -> #VALUE! | J9: ='SurveyRpt_20150223 (1)'!AF48+"h_l!=u" -> #VALUE! | K9: ='SurveyRpt_20150223 (1)'!AG48+"h_l!=v" -> #VALUE! | L9: ='SurveyRpt_20150223 (1)'!AH48+"h_l!=w" -> #VALUE! | M9: ='SurveyRpt_20150223 (1)'!AI48+"h_l!=x" -> #VALUE! | N9: ='SurveyRpt_20150223 (1)'!AJ48+"h_l!=y" -> #VALUE! | O9: ='SurveyRpt_20150223 (1)'!AK48+"h_l!=z" -> #VALUE! | P9: ='SurveyRpt_20150223 (1)'!AL48+"h_l!={" -> #VALUE! | Q9: ='SurveyRpt_20150223 (1)'!AM48+"h_l!=|" -> #VALUE! | R9: ='SurveyRpt_20150223 (1)'!AN48+"h_l!=}" -> #VALUE! | S9: ='SurveyRpt_20150223 (1)'!A49+"h_l!=~" -> #VALUE! | T9: ='SurveyRpt_20150223 (1)'!B49+"h_l!>#" -> #VALUE! | U9: ='SurveyRpt_20150223 (1)'!C49+"h_l!>$" -> #VALUE! | V9: ='SurveyRpt_20150223 (1)'!D49+"h_l!>%" -> #VALUE! | W9: ='SurveyRpt_20150223 (1)'!E49+"h_l!>&" -> #VALUE! | X9: ='SurveyRpt_20150223 (1)'!F49+"h_l!>'" -> #VALUE! | Y9: ='SurveyRpt_20150223 (1)'!G49+"h_l!>(" -> #VALUE! | Z9: ='SurveyRpt_20150223 (1)'!H49+"h_l!>)" -> #VALUE! | AA9: ='SurveyRpt_20150223 (1)'!I49+"h_l!>." -> #VALUE! | AB9: ='SurveyRpt_20150223 (1)'!J49+"h_l!>/" -> #VALUE! | AC9: ='SurveyRpt_20150223 (1)'!K49+"h_l!>0" -> #VALUE! | AD9: ='SurveyRpt_20150223 (1)'!L49+"h_l!>1" -> #VALUE! | AE9: ='SurveyRpt_20150223 (1)'!M49+"h_l!>2" -> #VALUE! | AF9: ='SurveyRpt_20150223 (1)'!N49+"h_l!>3" -> #VALUE! | AG9: ='SurveyRpt_20150223 (1)'!O49+"h_l!>4" -> #VALUE! | AH9: ='SurveyRpt_20150223 (1)'!P49+"h_l!>5" -> #VALUE! | AI9: ='SurveyRpt_20150223 (1)'!Q49+"h_l!>6" -> #VALUE! | AJ9: ='SurveyRpt_20150223 (1)'!R49+"h_l!>7" -> #VALUE! | AK9: ='SurveyRpt_20150223 (1)'!S49+"h_l!>8" -> #VALUE! | AL9: ='SurveyRpt_20150223 (1)'!T49+"h_l!>9" -> #VALUE! | AM9: ='SurveyRpt_20150223 (1)'!U49+"h_l!>:" -> #VALUE! | AN9: ='SurveyRpt_20150223 (1)'!V49+"h_l!>;" -> #VALUE! | AO9: ='SurveyRpt_20150223 (1)'!W49+"h_l!><" -> #VALUE! | AP9: ='SurveyRpt_20150223 (1)'!X49+"h_l!>=" -> #VALUE! | AQ9: ='SurveyRpt_20150223 (1)'!Y49+"h_l!>>" -> #VALUE! | AR9: ='SurveyRpt_20150223 (1)'!Z49+"h_l!>?" -> #VALUE! | AS9: ='SurveyRpt_20150223 (1)'!AA49+"h_l!>@" -> #VALUE! | AT9: ='SurveyRpt_20150223 (1)'!AB49+"h_l!>A" -> #VALUE! | AU9: ='SurveyRpt_20150223 (1)'!AC49+"h_l!>B" -> #VALUE! | AV9: ='SurveyRpt_20150223 (1)'!AD49+"h_l!>C" -> #VALUE! | AW9: ='SurveyRpt_20150223 (1)'!AE49+"h_l!>D" -> #VALUE! | AX9: ='SurveyRpt_20150223 (1)'!AF49+"h_l!>E" -> #VALUE! | AY9: ='SurveyRpt_20150223 (1)'!AG49+"h_l!>F" -> #VALUE! | AZ9: ='SurveyRpt_20150223 (1)'!AH49+"h_l!>G" -> #VALUE! | BA9: ='SurveyRpt_20150223 (1)'!AI49+"h_l!>H" -> #VALUE! | BB9: ='SurveyRpt_20150223 (1)'!AJ49+"h_l!>I" -> #VALUE! | BC9: ='SurveyRpt_20150223 (1)'!AK49+"h_l!>J" -> #VALUE! | BD9: ='SurveyRpt_20150223 (1)'!AL49+"h_l!>K" -> #VALUE! | BE9: ='SurveyRpt_20150223 (1)'!AM49+"h_l!>L" -> #VALUE! | BF9: ='SurveyRpt_20150223 (1)'!AN49+"h_l!>M" -> #VALUE! | BG9: ='SurveyRpt_20150223 (1)'!A50+"h_l!>N" -> #VALUE! | BH9: ='SurveyRpt_20150223 (1)'!B50+"h_l!>O" -> #VALUE! | BI9: ='SurveyRpt_20150223 (1)'!C50+"h_l!>P" -> #VALUE! | BJ9: ='SurveyRpt_20150223 (1)'!D50+"h_l!>Q" -> #VALUE! | BK9: ='SurveyRpt_20150223 (1)'!E50+"h_l!>R" -> #VALUE! | BL9: ='SurveyRpt_20150223 (1)'!F50+"h_l!>S" -> #VALUE! | BM9: ='SurveyRpt_20150223 (1)'!G50+"h_l!>T" -> #VALUE! | BN9: ='SurveyRpt_20150223 (1)'!H50+"h_l!>U" -> #VALUE! | BO9: ='SurveyRpt_20150223 (1)'!I50+"h_l!>V" -> #VALUE! | BP9: ='SurveyRpt_20150223 (1)'!J50+"h_l!>W" -> #VALUE! | BQ9: ='SurveyRpt_20150223 (1)'!K50+"h_l!>X" -> #VALUE! | BR9: ='SurveyRpt_20150223 (1)'!L50+"h_l!>Y" -> #VALUE! | BS9: ='SurveyRpt_20150223 (1)'!M50+"h_l!>Z" -> #VALUE! | BT9: ='SurveyRpt_20150223 (1)'!N50+"h_l!>[" -> #VALUE! | BU9: ='SurveyRpt_20150223 (1)'!O50+"h_l!>\" -> #VALUE! | BV9: ='SurveyRpt_20150223 (1)'!P50+"h_l!>]" -> #VALUE! | BW9: ='SurveyRpt_20150223 (1)'!Q50+"h_l!>^" -> #VALUE! | BX9: ='SurveyRpt_20150223 (1)'!R50+"h_l!>_" -> #VALUE! | BY9: ='SurveyRpt_20150223 (1)'!S50+"h_l!>`" -> #VALUE! | BZ9: ='SurveyRpt_20150223 (1)'!T50+"h_l!>a" -> #VALUE! | CA9: ='SurveyRpt_20150223 (1)'!U50+"h_l!>b" -> #VALUE! | CB9: ='SurveyRpt_20150223 (1)'!V50+"h_l!>c" -> #VALUE! | CC9: ='SurveyRpt_20150223 (1)'!W50+"h_l!>d" -> #VALUE! | CD9: ='SurveyRpt_20150223 (1)'!X50+"h_l!>e" -> #VALUE! | CE9: ='SurveyRpt_20150223 (1)'!Y50+"h_l!>f" -> #VALUE! | CF9: ='SurveyRpt_20150223 (1)'!Z50+"h_l!>g" -> #VALUE! | CG9: ='SurveyRpt_20150223 (1)'!AA50+"h_l!>h" -> #VALUE! | CH9: ='SurveyRpt_20150223 (1)'!AB50+"h_l!>i" -> #VALUE! | CI9: ='SurveyRpt_20150223 (1)'!AC50+"h_l!>j" -> #VALUE! | CJ9: ='SurveyRpt_20150223 (1)'!AD50+"h_l!>k" -> #VALUE! | CK9: ='SurveyRpt_20150223 (1)'!AE50+"h_l!>l" -> #VALUE! | CL9: ='SurveyRpt_20150223 (1)'!AF50+"h_l!>m" -> #VALUE! | CM9: ='SurveyRpt_20150223 (1)'!AG50+"h_l!>n" -> #VALUE! | CN9: ='SurveyRpt_20150223 (1)'!AH50+"h_l!>o" -> #VALUE! | CO9: ='SurveyRpt_20150223 (1)'!AI50+"h_l!>p" -> #VALUE! | CP9: ='SurveyRpt_20150223 (1)'!AJ50+"h_l!>q" -> #VALUE! | CQ9: ='SurveyRpt_20150223 (1)'!AK50+"h_l!>r" -> #VALUE! | CR9: ='SurveyRpt_20150223 (1)'!AL50+"h_l!>s" -> #VALUE! | CS9: ='SurveyRpt_20150223 (1)'!AM50+"h_l!>t" -> #VALUE! | CT9: ='SurveyRpt_20150223 (1)'!AN50+"h_l!>u" -> #VALUE! | CU9: ='SurveyRpt_20150223 (1)'!A51+"h_l!>v" -> #VALUE! | CV9: ='SurveyRpt_20150223 (1)'!B51+"h_l!>w" -> #VALUE! | CW9: ='SurveyRpt_20150223 (1)'!C51+"h_l!>x" -> #VALUE! | CX9: ='SurveyRpt_20150223 (1)'!D51+"h_l!>y" -> #VALUE! | CY9: ='SurveyRpt_20150223 (1)'!E51+"h_l!>z" -> #VALUE! | CZ9: ='SurveyRpt_20150223 (1)'!F51+"h_l!>{" -> #VALUE! | DA9: ='SurveyRpt_20150223 (1)'!G51+"h_l!>|" -> #VALUE! | DB9: ='SurveyRpt_20150223 (1)'!H51+"h_l!>}" -> #VALUE! | DC9: ='SurveyRpt_20150223 (1)'!I51+"h_l!>~" -> #VALUE! | DD9: ='SurveyRpt_20150223 (1)'!J51+"h_l!?#" -> #VALUE! | DE9: ='SurveyRpt_20150223 (1)'!K51+"h_l!?$" -> #VALUE! | DF9: ='SurveyRpt_20150223 (1)'!L51+"h_l!?%" -> #VALUE! | DG9: ='SurveyRpt_20150223 (1)'!M51+"h_l!?&" -> #VALUE! | DH9: ='SurveyRpt_20150223 (1)'!N51+"h_l!?'" -> #VALUE! | DI9: ='SurveyRpt_20150223 (1)'!O51+"h_l!?(" -> #VALUE! | DJ9: ='SurveyRpt_20150223 (1)'!P51+"h_l!?)" -> #VALUE! | DK9: ='SurveyRpt_20150223 (1)'!Q51+"h_l!?." -> #VALUE! | DL9: ='SurveyRpt_20150223 (1)'!R51+"h_l!?/" -> #VALUE! | DM9: ='SurveyRpt_20150223 (1)'!S51+"h_l!?0" -> #VALUE! | DN9: ='SurveyRpt_20150223 (1)'!T51+"h_l!?1" -> #VALUE! | DO9: ='SurveyRpt_20150223 (1)'!U51+"h_l!?2" -> #VALUE! | DP9: ='SurveyRpt_20150223 (1)'!V51+"h_l!?3" -> #VALUE! | DQ9: ='SurveyRpt_20150223 (1)'!W51+"h_l!?4" -> #VALUE! | DR9: ='SurveyRpt_20150223 (1)'!X51+"h_l!?5" -> #VALUE! | DS9: ='SurveyRpt_20150223 (1)'!Y51+"h_l!?6" -> #VALUE! | DT9: ='SurveyRpt_20150223 (1)'!Z51+"h_l!?7" -> #VALUE! | DU9: ='SurveyRpt_20150223 (1)'!AA51+"h_l!?8" -> #VALUE! | DV9: ='SurveyRpt_20150223 (1)'!AB51+"h_l!?9" -> #VALUE! | DW9: ='SurveyRpt_20150223 (1)'!AC51+"h_l!?:" -> #VALUE! | DX9: ='SurveyRpt_20150223 (1)'!AD51+"h_l!?;" -> #VALUE! | DY9: ='SurveyRpt_20150223 (1)'!AE51+"h_l!?<" -> #VALUE! | DZ9: ='SurveyRpt_20150223 (1)'!AF51+"h_l!?=" -> #VALUE! | EA9: ='SurveyRpt_20150223 (1)'!AG51+"h_l!?>" -> #VALUE! | EB9: ='SurveyRpt_20150223 (1)'!AH51+"h_l!??" -> #VALUE! | EC9: ='SurveyRpt_20150223 (1)'!AI51+"h_l!?@" -> #VALUE! | ED9: ='SurveyRpt_20150223 (1)'!AJ51+"h_l!?A" -> #VALUE! | EE9: ='SurveyRpt_20150223 (1)'!AK51+"h_l!?B" -> #VALUE! | EF9: ='SurveyRpt_20150223 (1)'!AL51+"h_l!?C" -> #VALUE! | EG9: ='SurveyRpt_20150223 (1)'!AM51+"h_l!?D" -> #VALUE! | EH9: ='SurveyRpt_20150223 (1)'!AN51+"h_l!?E" -> #VALUE! | EI9: ='SurveyRpt_20150223 (1)'!A52+"h_l!?F" -> #VALUE! | EJ9: ='SurveyRpt_20150223 (1)'!B52+"h_l!?G" -> #VALUE! | EK9: ='SurveyRpt_20150223 (1)'!C52+"h_l!?H" -> #VALUE! | EL9: ='SurveyRpt_20150223 (1)'!D52+"h_l!?I" -> #VALUE! | EM9: ='SurveyRpt_20150223 (1)'!E52+"h_l!?J" -> #VALUE! | EN9: ='SurveyRpt_20150223 (1)'!F52+"h_l!?K" -> #VALUE! | EO9: ='SurveyRpt_20150223 (1)'!G52+"h_l!?L" -> #VALUE! | EP9: ='SurveyRpt_20150223 (1)'!H52+"h_l!?M" -> #VALUE! | EQ9: ='SurveyRpt_20150223 (1)'!I52+"h_l!?N" -> #VALUE! | ER9: ='SurveyRpt_20150223 (1)'!J52+"h_l!?O" -> #VALUE! | ES9: ='SurveyRpt_20150223 (1)'!K52+"h_l!?P" -> #VALUE! | ET9: ='SurveyRpt_20150223 (1)'!L52+"h_l!?Q" -> #VALUE! | EU9: ='SurveyRpt_20150223 (1)'!M52+"h_l!?R" -> #VALUE! | EV9: ='SurveyRpt_20150223 (1)'!N52+"h_l!?S" -> #VALUE! | EW9: ='SurveyRpt_20150223 (1)'!O52+"h_l!?T" -> #VALUE! | EX9: ='SurveyRpt_20150223 (1)'!P52+"h_l!?U" -> #VALUE! | EY9: ='SurveyRpt_20150223 (1)'!Q52+"h_l!?V" -> #VALUE! | EZ9: ='SurveyRpt_20150223 (1)'!R52+"h_l!?W" -> #VALUE! | FA9: ='SurveyRpt_20150223 (1)'!S52+"h_l!?X" -> #VALUE! | FB9: ='SurveyRpt_20150223 (1)'!T52+"h_l!?Y" -> #VALUE! | FC9: ='SurveyRpt_20150223 (1)'!U52+"h_l!?Z" -> #VALUE! | FD9: ='SurveyRpt_20150223 (1)'!V52+"h_l!?[" -> #VALUE! | FE9: ='SurveyRpt_20150223 (1)'!W52+"h_l!?\" -> #VALUE! | FF9: ='SurveyRpt_20150223 (1)'!X52+"h_l!?]" -> #VALUE! | FG9: ='SurveyRpt_20150223 (1)'!Y52+"h_l!?^" -> #VALUE! | FH9: ='SurveyRpt_20150223 (1)'!Z52+"h_l!?_" -> #VALUE! | FI9: ='SurveyRpt_20150223 (1)'!AA52+"h_l!?`" -> #VALUE! | FJ9: ='SurveyRpt_20150223 (1)'!AB52+"h_l!?a" -> #VALUE! | FK9: ='SurveyRpt_20150223 (1)'!AC52+"h_l!?b" -> #VALUE! | FL9: ='SurveyRpt_20150223 (1)'!AD52+"h_l!?c" -> #VALUE! | FM9: ='SurveyRpt_20150223 (1)'!AE52+"h_l!?d" -> #VALUE! | FN9: ='SurveyRpt_20150223 (1)'!AF52+"h_l!?e" -> #VALUE! | FO9: ='SurveyRpt_20150223 (1)'!AG52+"h_l!?f" -> #VALUE! | FP9: ='SurveyRpt_20150223 (1)'!AH52+"h_l!?g" -> #VALUE! | FQ9: ='SurveyRpt_20150223 (1)'!AI52+"h_l!?h" -> #VALUE! | FR9: ='SurveyRpt_20150223 (1)'!AJ52+"h_l!?i" -> #VALUE! | FS9: ='SurveyRpt_20150223 (1)'!AK52+"h_l!?j" -> #VALUE! | FT9: ='SurveyRpt_20150223 (1)'!AL52+"h_l!?k" -> #VALUE! | FU9: ='SurveyRpt_20150223 (1)'!AM52+"h_l!?l" -> #VALUE! | FV9: ='SurveyRpt_20150223 (1)'!AN52+"h_l!?m" -> #VALUE! | FW9: ='SurveyRpt_20150223 (1)'!A53+"h_l!?n" -> #VALUE! | FX9: ='SurveyRpt_20150223 (1)'!B53+"h_l!?o" -> #VALUE! | FY9: ='SurveyRpt_20150223 (1)'!C53+"h_l!?p" -> #VALUE! | FZ9: ='SurveyRpt_20150223 (1)'!D53+"h_l!?q" -> #VALUE! | GA9: ='SurveyRpt_20150223 (1)'!E53+"h_l!?r" -> #VALUE! | GB9: ='SurveyRpt_20150223 (1)'!F53+"h_l!?s" -> #VALUE! | GC9: ='SurveyRpt_20150223 (1)'!G53+"h_l!?t" -> #VALUE! | GD9: ='SurveyRpt_20150223 (1)'!H53+"h_l!?u" -> #VALUE! | GE9: ='SurveyRpt_20150223 (1)'!I53+"h_l!?v" -> #VALUE! | GF9: ='SurveyRpt_20150223 (1)'!J53+"h_l!?w" -> #VALUE! | GG9: ='SurveyRpt_20150223 (1)'!K53+"h_l!?x" -> #VALUE! | GH9: ='SurveyRpt_20150223 (1)'!L53+"h_l!?y" -> #VALUE! | GI9: ='SurveyRpt_20150223 (1)'!M53+"h_l!?z" -> #VALUE! | GJ9: ='SurveyRpt_20150223 (1)'!N53+"h_l!?{" -> #VALUE! | GK9: ='SurveyRpt_20150223 (1)'!O53+"h_l!?|" -> #VALUE! | GL9: ='SurveyRpt_20150223 (1)'!P53+"h_l!?}" -> #VALUE! | GM9: ='SurveyRpt_20150223 (1)'!Q53+"h_l!?~" -> #VALUE! | GN9: ='SurveyRpt_20150223 (1)'!R53+"h_l!@#" -> #VALUE! | GO9: ='SurveyRpt_20150223 (1)'!S53+"h_l!@$" -> #VALUE! | GP9: ='SurveyRpt_20150223 (1)'!T53+"h_l!@%" -> #VALUE! | GQ9: ='SurveyRpt_20150223 (1)'!U53+"h_l!@&" -> #VALUE! | GR9: ='SurveyRpt_20150223 (1)'!V53+"h_l!@'" -> #VALUE! | GS9: ='SurveyRpt_20150223 (1)'!W53+"h_l!@(" -> #VALUE! | GT9: ='SurveyRpt_20150223 (1)'!X53+"h_l!@)" -> #VALUE! | GU9: ='SurveyRpt_20150223 (1)'!Y53+"h_l!@." -> #VALUE! | GV9: ='SurveyRpt_20150223 (1)'!Z53+"h_l!@/" -> #VALUE! | GW9: ='SurveyRpt_20150223 (1)'!AA53+"h_l!@0" -> #VALUE! | GX9: ='SurveyRpt_20150223 (1)'!AB53+"h_l!@1" -> #VALUE! | GY9: ='SurveyRpt_20150223 (1)'!AC53+"h_l!@2" -> #VALUE! | GZ9: ='SurveyRpt_20150223 (1)'!AD53+"h_l!@3" -> #VALUE! | HA9: ='SurveyRpt_20150223 (1)'!AE53+"h_l!@4" -> #VALUE! | HB9: ='SurveyRpt_20150223 (1)'!AF53+"h_l!@5" -> #VALUE! | HC9: ='SurveyRpt_20150223 (1)'!AG53+"h_l!@6" -> #VALUE! | HD9: ='SurveyRpt_20150223 (1)'!AH53+"h_l!@7" -> #VALUE! | HE9: ='SurveyRpt_20150223 (1)'!AI53+"h_l!@8" -> #VALUE! | HF9: ='SurveyRpt_20150223 (1)'!AJ53+"h_l!@9" -> #VALUE! | HG9: ='SurveyRpt_20150223 (1)'!AK53+"h_l!@:" -> #VALUE! | HH9: ='SurveyRpt_20150223 (1)'!AL53+"h_l!@;" -> #VALUE! | HI9: ='SurveyRpt_20150223 (1)'!AM53+"h_l!@<" -> #VALUE! | HJ9: ='SurveyRpt_20150223 (1)'!AN53+"h_l!@=" -> #VALUE! | HK9: ='SurveyRpt_20150223 (1)'!A54+"h_l!@>" -> #VALUE! | HL9: ='SurveyRpt_20150223 (1)'!B54+"h_l!@?" -> #VALUE! | HM9: ='SurveyRpt_20150223 (1)'!C54+"h_l!@@" -> #VALUE! | HN9: ='SurveyRpt_20150223 (1)'!D54+"h_l!@A" -> #VALUE! | HO9: ='SurveyRpt_20150223 (1)'!E54+"h_l!@B" -> #VALUE! | HP9: ='SurveyRpt_20150223 (1)'!F54+"h_l!@C" -> #VALUE! | HQ9: ='SurveyRpt_20150223 (1)'!G54+"h_l!@D" -> #VALUE! | HR9: ='SurveyRpt_20150223 (1)'!H54+"h_l!@E" -> #VALUE! | HS9: ='SurveyRpt_20150223 (1)'!I54+"h_l!@F" -> #VALUE! | HT9: ='SurveyRpt_20150223 (1)'!J54+"h_l!@G" -> #VALUE! | HU9: ='SurveyRpt_20150223 (1)'!K54+"h_l!@H" -> #VALUE! | HV9: ='SurveyRpt_20150223 (1)'!L54+"h_l!@I" -> #VALUE! | HW9: ='SurveyRpt_20150223 (1)'!M54+"h_l!@J" -> #VALUE! | HX9: ='SurveyRpt_20150223 (1)'!N54+"h_l!@K" -> #VALUE! | HY9: ='SurveyRpt_20150223 (1)'!O54+"h_l!@L" -> #VALUE! | HZ9: ='SurveyRpt_20150223 (1)'!P54+"h_l!@M" -> #VALUE! | IA9: ='SurveyRpt_20150223 (1)'!Q54+"h_l!@N" -> #VALUE! | IB9: ='SurveyRpt_20150223 (1)'!R54+"h_l!@O" -> #VALUE! | IC9: ='SurveyRpt_20150223 (1)'!S54+"h_l!@P" -> #VALUE! | ID9: ='SurveyRpt_20150223 (1)'!T54+"h_l!@Q" -> #VALUE! | IE9: ='SurveyRpt_20150223 (1)'!U54+"h_l!@R" -> #VALUE! | IF9: ='SurveyRpt_20150223 (1)'!V54+"h_l!@S" -> #VALUE! | IG9: ='SurveyRpt_20150223 (1)'!W54+"h_l!@T" -> #VALUE! | IH9: ='SurveyRpt_20150223 (1)'!X54+"h_l!@U" -> #VALUE! | II9: ='SurveyRpt_20150223 (1)'!Y54+"h_l!@V" -> #VALUE! | IJ9: ='SurveyRpt_20150223 (1)'!Z54+"h_l!@W" -> #VALUE! | IK9: ='SurveyRpt_20150223 (1)'!AA54+"h_l!@X" -> #VALUE! | IL9: ='SurveyRpt_20150223 (1)'!AB54+"h_l!@Y" -> #VALUE! | IM9: ='SurveyRpt_20150223 (1)'!AC54+"h_l!@Z" -> #VALUE! | IN9: ='SurveyRpt_20150223 (1)'!AD54+"h_l!@[" -> #VALUE! | IO9: ='SurveyRpt_20150223 (1)'!AE54+"h_l!@\" -> #VALUE! | IP9: ='SurveyRpt_20150223 (1)'!AF54+"h_l!@]" -> #VALUE! | IQ9: ='SurveyRpt_20150223 (1)'!AG54+"h_l!@^" -> #VALUE! | IR9: ='SurveyRpt_20150223 (1)'!AH54+"h_l!@_" -> #VALUE! | IS9: ='SurveyRpt_20150223 (1)'!AI54+"h_l!@`" -> #VALUE! | IT9: ='SurveyRpt_20150223 (1)'!AJ54+"h_l!@a" -> #VALUE! | IU9: ='SurveyRpt_20150223 (1)'!AK54+"h_l!@b" -> #VALUE! | IV9: ='SurveyRpt_20150223 (1)'!AL54+"h_l!@c" -> #VALUE!
F10: ='SurveyRpt_20150223 (1)'!AM54+"h_l!@d" -> #VALUE! | G10: ='SurveyRpt_20150223 (1)'!AN54+"h_l!@e" -> #VALUE! | H10: ='SurveyRpt_20150223 (1)'!A55+"h_l!@f" -> #VALUE! | I10: ='SurveyRpt_20150223 (1)'!B55+"h_l!@g" -> #VALUE! | J10: ='SurveyRpt_20150223 (1)'!C55+"h_l!@h" -> #VALUE! | K10: ='SurveyRpt_20150223 (1)'!D55+"h_l!@i" -> #VALUE! | L10: ='SurveyRpt_20150223 (1)'!E55+"h_l!@j" -> #VALUE! | M10: ='SurveyRpt_20150223 (1)'!F55+"h_l!@k" -> #VALUE! | N10: ='SurveyRpt_20150223 (1)'!G55+"h_l!@l" -> #VALUE! | O10: ='SurveyRpt_20150223 (1)'!H55+"h_l!@m" -> #VALUE! | P10: ='SurveyRpt_20150223 (1)'!I55+"h_l!@n" -> #VALUE! | Q10: ='SurveyRpt_20150223 (1)'!J55+"h_l!@o" -> #VALUE! | R10: ='SurveyRpt_20150223 (1)'!K55+"h_l!@p" -> #VALUE! | S10: ='SurveyRpt_20150223 (1)'!L55+"h_l!@q" -> #VALUE! | T10: ='SurveyRpt_20150223 (1)'!M55+"h_l!@r" -> #VALUE! | U10: ='SurveyRpt_20150223 (1)'!N55+"h_l!@s" -> #VALUE! | V10: ='SurveyRpt_20150223 (1)'!O55+"h_l!@t" -> #VALUE! | W10: ='SurveyRpt_20150223 (1)'!P55+"h_l!@u" -> #VALUE! | X10: ='SurveyRpt_20150223 (1)'!Q55+"h_l!@v" -> #VALUE! | Y10: ='SurveyRpt_20150223 (1)'!R55+"h_l!@w" -> #VALUE! | Z10: ='SurveyRpt_20150223 (1)'!S55+"h_l!@x" -> #VALUE! | AA10: ='SurveyRpt_20150223 (1)'!T55+"h_l!@y" -> #VALUE! | AB10: ='SurveyRpt_20150223 (1)'!U55+"h_l!@z" -> #VALUE! | AC10: ='SurveyRpt_20150223 (1)'!V55+"h_l!@{" -> #VALUE! | AD10: ='SurveyRpt_20150223 (1)'!W55+"h_l!@|" -> #VALUE! | AE10: ='SurveyRpt_20150223 (1)'!X55+"h_l!@}" -> #VALUE! | AF10: ='SurveyRpt_20150223 (1)'!Y55+"h_l!@~" -> #VALUE! | AG10: ='SurveyRpt_20150223 (1)'!Z55+"h_l!A#" -> #VALUE! | AH10: ='SurveyRpt_20150223 (1)'!AA55+"h_l!A$" -> #VALUE! | AI10: ='SurveyRpt_20150223 (1)'!AB55+"h_l!A%" -> #VALUE! | AJ10: ='SurveyRpt_20150223 (1)'!AC55+"h_l!A&" -> #VALUE! | AK10: ='SurveyRpt_20150223 (1)'!AD55+"h_l!A'" -> #VALUE! | AL10: ='SurveyRpt_20150223 (1)'!AE55+"h_l!A(" -> #VALUE! | AM10: ='SurveyRpt_20150223 (1)'!AF55+"h_l!A)" -> #VALUE! | AN10: ='SurveyRpt_20150223 (1)'!AG55+"h_l!A." -> #VALUE! | AO10: ='SurveyRpt_20150223 (1)'!AH55+"h_l!A/" -> #VALUE! | AP10: ='SurveyRpt_20150223 (1)'!AI55+"h_l!A0" -> #VALUE! | AQ10: ='SurveyRpt_20150223 (1)'!AJ55+"h_l!A1" -> #VALUE! | AR10: ='SurveyRpt_20150223 (1)'!AK55+"h_l!A2" -> #VALUE! | AS10: ='SurveyRpt_20150223 (1)'!AL55+"h_l!A3" -> #VALUE! | AT10: ='SurveyRpt_20150223 (1)'!AM55+"h_l!A4" -> #VALUE! | AU10: ='SurveyRpt_20150223 (1)'!AN55+"h_l!A5" -> #VALUE! | AV10: ='SurveyRpt_20150223 (1)'!A56+"h_l!A6" -> #VALUE! | AW10: ='SurveyRpt_20150223 (1)'!B56+"h_l!A7" -> #VALUE! | AX10: ='SurveyRpt_20150223 (1)'!C56+"h_l!A8" -> #VALUE! | AY10: ='SurveyRpt_20150223 (1)'!D56+"h_l!A9" -> #VALUE! | AZ10: ='SurveyRpt_20150223 (1)'!E56+"h_l!A:" -> #VALUE! | BA10: ='SurveyRpt_20150223 (1)'!F56+"h_l!A;" -> #VALUE! | BB10: ='SurveyRpt_20150223 (1)'!G56+"h_l!A<" -> #VALUE! | BC10: ='SurveyRpt_20150223 (1)'!H56+"h_l!A=" -> #VALUE! | BD10: ='SurveyRpt_20150223 (1)'!I56+"h_l!A>" -> #VALUE! | BE10: ='SurveyRpt_20150223 (1)'!J56+"h_l!A?" -> #VALUE! | BF10: ='SurveyRpt_20150223 (1)'!K56+"h_l!A@" -> #VALUE! | BG10: ='SurveyRpt_20150223 (1)'!L56+"h_l!AA" -> #VALUE! | BH10: ='SurveyRpt_20150223 (1)'!M56+"h_l!AB" -> #VALUE! | BI10: ='SurveyRpt_20150223 (1)'!N56+"h_l!AC" -> #VALUE! | BJ10: ='SurveyRpt_20150223 (1)'!O56+"h_l!AD" -> #VALUE! | BK10: ='SurveyRpt_20150223 (1)'!P56+"h_l!AE" -> #VALUE! | BL10: ='SurveyRpt_20150223 (1)'!Q56+"h_l!AF" -> #VALUE! | BM10: ='SurveyRpt_20150223 (1)'!R56+"h_l!AG" -> #VALUE! | BN10: ='SurveyRpt_20150223 (1)'!S56+"h_l!AH" -> #VALUE! | BO10: ='SurveyRpt_20150223 (1)'!T56+"h_l!AI" -> #VALUE! | BP10: ='SurveyRpt_20150223 (1)'!U56+"h_l!AJ" -> #VALUE! | BQ10: ='SurveyRpt_20150223 (1)'!V56+"h_l!AK" -> #VALUE! | BR10: ='SurveyRpt_20150223 (1)'!W56+"h_l!AL" -> #VALUE! | BS10: ='SurveyRpt_20150223 (1)'!X56+"h_l!AM" -> #VALUE! | BT10: ='SurveyRpt_20150223 (1)'!Y56+"h_l!AN" -> #VALUE! | BU10: ='SurveyRpt_20150223 (1)'!Z56+"h_l!AO" -> #VALUE! | BV10: ='SurveyRpt_20150223 (1)'!AA56+"h_l!AP" -> #VALUE! | BW10: ='SurveyRpt_20150223 (1)'!AB56+"h_l!AQ" -> #VALUE! | BX10: ='SurveyRpt_20150223 (1)'!AC56+"h_l!AR" -> #VALUE! | BY10: ='SurveyRpt_20150223 (1)'!AD56+"h_l!AS" -> #VALUE! | BZ10: ='SurveyRpt_20150223 (1)'!AE56+"h_l!AT" -> #VALUE! | CA10: ='SurveyRpt_20150223 (1)'!AF56+"h_l!AU" -> #VALUE! | CB10: ='SurveyRpt_20150223 (1)'!AG56+"h_l!AV" -> #VALUE! | CC10: ='SurveyRpt_20150223 (1)'!AH56+"h_l!AW" -> #VALUE! | CD10: ='SurveyRpt_20150223 (1)'!AI56+"h_l!AX" -> #VALUE! | CE10: ='SurveyRpt_20150223 (1)'!AJ56+"h_l!AY" -> #VALUE! | CF10: ='SurveyRpt_20150223 (1)'!AK56+"h_l!AZ" -> #VALUE! | CG10: ='SurveyRpt_20150223 (1)'!AL56+"h_l!A[" -> #VALUE! | CH10: ='SurveyRpt_20150223 (1)'!AM56+"h_l!A\" -> #VALUE! | CI10: ='SurveyRpt_20150223 (1)'!AN56+"h_l!A]" -> #VALUE! | CJ10: ='SurveyRpt_20150223 (1)'!A57+"h_l!A^" -> #VALUE! | CK10: ='SurveyRpt_20150223 (1)'!B57+"h_l!A_" -> #VALUE! | CL10: ='SurveyRpt_20150223 (1)'!C57+"h_l!A`" -> #VALUE! | CM10: ='SurveyRpt_20150223 (1)'!D57+"h_l!Aa" -> #VALUE! | CN10: ='SurveyRpt_20150223 (1)'!E57+"h_l!Ab" -> #VALUE! | CO10: ='SurveyRpt_20150223 (1)'!F57+"h_l!Ac" -> #VALUE! | CP10: ='SurveyRpt_20150223 (1)'!G57+"h_l!Ad" -> #VALUE! | CQ10: ='SurveyRpt_20150223 (1)'!H57+"h_l!Ae" -> #VALUE! | CR10: ='SurveyRpt_20150223 (1)'!I57+"h_l!Af" -> #VALUE! | CS10: ='SurveyRpt_20150223 (1)'!J57+"h_l!Ag" -> #VALUE! | CT10: ='SurveyRpt_20150223 (1)'!K57+"h_l!Ah" -> #VALUE! | CU10: ='SurveyRpt_20150223 (1)'!L57+"h_l!Ai" -> #VALUE! | CV10: ='SurveyRpt_20150223 (1)'!M57+"h_l!Aj" -> #VALUE! | CW10: ='SurveyRpt_20150223 (1)'!N57+"h_l!Ak" -> #VALUE! | CX10: ='SurveyRpt_20150223 (1)'!O57+"h_l!Al" -> #VALUE! | CY10: ='SurveyRpt_20150223 (1)'!P57+"h_l!Am" -> #VALUE! | CZ10: ='SurveyRpt_20150223 (1)'!Q57+"h_l!An" -> #VALUE! | DA10: ='SurveyRpt_20150223 (1)'!R57+"h_l!Ao" -> #VALUE! | DB10: ='SurveyRpt_20150223 (1)'!S57+"h_l!Ap" -> #VALUE! | DC10: ='SurveyRpt_20150223 (1)'!T57+"h_l!Aq" -> #VALUE! | DD10: ='SurveyRpt_20150223 (1)'!U57+"h_l!Ar" -> #VALUE! | DE10: ='SurveyRpt_20150223 (1)'!V57+"h_l!As" -> #VALUE! | DF10: ='SurveyRpt_20150223 (1)'!W57+"h_l!At" -> #VALUE! | DG10: ='SurveyRpt_20150223 (1)'!X57+"h_l!Au" -> #VALUE! | DH10: ='SurveyRpt_20150223 (1)'!Y57+"h_l!Av" -> #VALUE! | DI10: ='SurveyRpt_20150223 (1)'!Z57+"h_l!Aw" -> #VALUE! | DJ10: ='SurveyRpt_20150223 (1)'!AA57+"h_l!Ax" -> #VALUE! | DK10: ='SurveyRpt_20150223 (1)'!AB57+"h_l!Ay" -> #VALUE! | DL10: ='SurveyRpt_20150223 (1)'!AC57+"h_l!Az" -> #VALUE! | DM10: ='SurveyRpt_20150223 (1)'!AD57+"h_l!A{" -> #VALUE! | DN10: ='SurveyRpt_20150223 (1)'!AE57+"h_l!A|" -> #VALUE! | DO10: ='SurveyRpt_20150223 (1)'!AF57+"h_l!A}" -> #VALUE! | DP10: ='SurveyRpt_20150223 (1)'!AG57+"h_l!A~" -> #VALUE! | DQ10: ='SurveyRpt_20150223 (1)'!AH57+"h_l!B#" -> #VALUE! | DR10: ='SurveyRpt_20150223 (1)'!AI57+"h_l!B$" -> #VALUE! | DS10: ='SurveyRpt_20150223 (1)'!AJ57+"h_l!B%" -> #VALUE! | DT10: ='SurveyRpt_20150223 (1)'!AK57+"h_l!B&" -> #VALUE! | DU10: ='SurveyRpt_20150223 (1)'!AL57+"h_l!B'" -> #VALUE! | DV10: ='SurveyRpt_20150223 (1)'!AM57+"h_l!B(" -> #VALUE! | DW10: ='SurveyRpt_20150223 (1)'!AN57+"h_l!B)" -> #VALUE! | DX10: ='SurveyRpt_20150223 (1)'!A58+"h_l!B." -> #VALUE! | DY10: ='SurveyRpt_20150223 (1)'!B58+"h_l!B/" -> #VALUE! | DZ10: ='SurveyRpt_20150223 (1)'!C58+"h_l!B0" -> #VALUE! | EA10: ='SurveyRpt_20150223 (1)'!D58+"h_l!B1" -> #VALUE! | EB10: ='SurveyRpt_20150223 (1)'!E58+"h_l!B2" -> #VALUE! | EC10: ='SurveyRpt_20150223 (1)'!F58+"h_l!B3" -> #VALUE! | ED10: ='SurveyRpt_20150223 (1)'!G58+"h_l!B4" -> #VALUE! | EE10: ='SurveyRpt_20150223 (1)'!H58+"h_l!B5" -> #VALUE! | EF10: ='SurveyRpt_20150223 (1)'!I58+"h_l!B6" -> #VALUE! | EG10: ='SurveyRpt_20150223 (1)'!J58+"h_l!B7" -> #VALUE! | EH10: ='SurveyRpt_20150223 (1)'!K58+"h_l!B8" -> #VALUE! | EI10: ='SurveyRpt_20150223 (1)'!L58+"h_l!B9" -> #VALUE! | EJ10: ='SurveyRpt_20150223 (1)'!M58+"h_l!B:" -> #VALUE! | EK10: ='SurveyRpt_20150223 (1)'!N58+"h_l!B;" -> #VALUE! | EL10: ='SurveyRpt_20150223 (1)'!O58+"h_l!B<" -> #VALUE! | EM10: ='SurveyRpt_20150223 (1)'!P58+"h_l!B=" -> #VALUE! | EN10: ='SurveyRpt_20150223 (1)'!Q58+"h_l!B>" -> #VALUE! | EO10: ='SurveyRpt_20150223 (1)'!R58+"h_l!B?" -> #VALUE! | EP10: ='SurveyRpt_20150223 (1)'!S58+"h_l!B@" -> #VALUE! | EQ10: ='SurveyRpt_20150223 (1)'!T58+"h_l!BA" -> #VALUE! | ER10: ='SurveyRpt_20150223 (1)'!U58+"h_l!BB" -> #VALUE! | ES10: ='SurveyRpt_20150223 (1)'!V58+"h_l!BC" -> #VALUE! | ET10: ='SurveyRpt_20150223 (1)'!W58+"h_l!BD" -> #VALUE! | EU10: ='SurveyRpt_20150223 (1)'!X58+"h_l!BE" -> #VALUE! | EV10: ='SurveyRpt_20150223 (1)'!Y58+"h_l!BF" -> #VALUE! | EW10: ='SurveyRpt_20150223 (1)'!Z58+"h_l!BG" -> #VALUE! | EX10: ='SurveyRpt_20150223 (1)'!AA58+"h_l!BH" -> #VALUE! | EY10: ='SurveyRpt_20150223 (1)'!AB58+"h_l!BI" -> #VALUE! | EZ10: ='SurveyRpt_20150223 (1)'!AC58+"h_l!BJ" -> #VALUE! | FA10: ='SurveyRpt_20150223 (1)'!AD58+"h_l!BK" -> #VALUE! | FB10: ='SurveyRpt_20150223 (1)'!AE58+"h_l!BL" -> #VALUE! | FC10: ='SurveyRpt_20150223 (1)'!AF58+"h_l!BM" -> #VALUE! | FD10: ='SurveyRpt_20150223 (1)'!AG58+"h_l!BN" -> #VALUE! | FE10: ='SurveyRpt_20150223 (1)'!AH58+"h_l!BO" -> #VALUE! | FF10: ='SurveyRpt_20150223 (1)'!AI58+"h_l!BP" -> #VALUE! | FG10: ='SurveyRpt_20150223 (1)'!AJ58+"h_l!BQ" -> #VALUE! | FH10: ='SurveyRpt_20150223 (1)'!AK58+"h_l!BR" -> #VALUE! | FI10: ='SurveyRpt_20150223 (1)'!AL58+"h_l!BS" -> #VALUE! | FJ10: ='SurveyRpt_20150223 (1)'!AM58+"h_l!BT" -> #VALUE! | FK10: ='SurveyRpt_20150223 (1)'!AN58+"h_l!BU" -> #VALUE! | FL10: ='SurveyRpt_20150223 (1)'!A59+"h_l!BV" -> #VALUE! | FM10: ='SurveyRpt_20150223 (1)'!B59+"h_l!BW" -> #VALUE! | FN10: ='SurveyRpt_20150223 (1)'!C59+"h_l!BX" -> #VALUE! | FO10: ='SurveyRpt_20150223 (1)'!D59+"h_l!BY" -> #VALUE! | FP10: ='SurveyRpt_20150223 (1)'!E59+"h_l!BZ" -> #VALUE! | FQ10: ='SurveyRpt_20150223 (1)'!F59+"h_l!B[" -> #VALUE! | FR10: ='SurveyRpt_20150223 (1)'!G59+"h_l!B\" -> #VALUE! | FS10: ='SurveyRpt_20150223 (1)'!H59+"h_l!B]" -> #VALUE! | FT10: ='SurveyRpt_20150223 (1)'!I59+"h_l!B^" -> #VALUE! | FU10: ='SurveyRpt_20150223 (1)'!J59+"h_l!B_" -> #VALUE! | FV10: ='SurveyRpt_20150223 (1)'!K59+"h_l!B`" -> #VALUE! | FW10: ='SurveyRpt_20150223 (1)'!L59+"h_l!Ba" -> #VALUE! | FX10: ='SurveyRpt_20150223 (1)'!M59+"h_l!Bb" -> #VALUE! | FY10: ='SurveyRpt_20150223 (1)'!N59+"h_l!Bc" -> #VALUE! | FZ10: ='SurveyRpt_20150223 (1)'!O59+"h_l!Bd" -> #VALUE! | GA10: ='SurveyRpt_20150223 (1)'!P59+"h_l!Be" -> #VALUE! | GB10: ='SurveyRpt_20150223 (1)'!Q59+"h_l!Bf" -> #VALUE! | GC10: ='SurveyRpt_20150223 (1)'!R59+"h_l!Bg" -> #VALUE! | GD10: ='SurveyRpt_20150223 (1)'!S59+"h_l!Bh" -> #VALUE! | GE10: ='SurveyRpt_20150223 (1)'!T59+"h_l!Bi" -> #VALUE! | GF10: ='SurveyRpt_20150223 (1)'!U59+"h_l!Bj" -> #VALUE! | GG10: ='SurveyRpt_20150223 (1)'!V59+"h_l!Bk" -> #VALUE! | GH10: ='SurveyRpt_20150223 (1)'!W59+"h_l!Bl" -> #VALUE! | GI10: ='SurveyRpt_20150223 (1)'!X59+"h_l!Bm" -> #VALUE! | GJ10: ='SurveyRpt_20150223 (1)'!Y59+"h_l!Bn" -> #VALUE! | GK10: ='SurveyRpt_20150223 (1)'!Z59+"h_l!Bo" -> #VALUE! | GL10: ='SurveyRpt_20150223 (1)'!AA59+"h_l!Bp" -> #VALUE! | GM10: ='SurveyRpt_20150223 (1)'!AB59+"h_l!Bq" -> #VALUE! | GN10: ='SurveyRpt_20150223 (1)'!AC59+"h_l!Br" -> #VALUE! | GO10: ='SurveyRpt_20150223 (1)'!AD59+"h_l!Bs" -> #VALUE! | GP10: ='SurveyRpt_20150223 (1)'!AE59+"h_l!Bt" -> #VALUE! | GQ10: ='SurveyRpt_20150223 (1)'!AF59+"h_l!Bu" -> #VALUE! | GR10: ='SurveyRpt_20150223 (1)'!AG59+"h_l!Bv" -> #VALUE! | GS10: ='SurveyRpt_20150223 (1)'!AH59+"h_l!Bw" -> #VALUE! | GT10: ='SurveyRpt_20150223 (1)'!AI59+"h_l!Bx" -> #VALUE! | GU10: ='SurveyRpt_20150223 (1)'!AJ59+"h_l!By" -> #VALUE! | GV10: ='SurveyRpt_20150223 (1)'!AK59+"h_l!Bz" -> #VALUE! | GW10: ='SurveyRpt_20150223 (1)'!AL59+"h_l!B{" -> #VALUE! | GX10: ='SurveyRpt_20150223 (1)'!AM59+"h_l!B|" -> #VALUE! | GY10: ='SurveyRpt_20150223 (1)'!AN59+"h_l!B}" -> #VALUE! | GZ10: ='SurveyRpt_20150223 (1)'!A60+"h_l!B~" -> #VALUE! | HA10: ='SurveyRpt_20150223 (1)'!B60+"h_l!C#" -> #VALUE! | HB10: ='SurveyRpt_20150223 (1)'!C60+"h_l!C$" -> #VALUE! | HC10: ='SurveyRpt_20150223 (1)'!D60+"h_l!C%" -> #VALUE! | HD10: ='SurveyRpt_20150223 (1)'!E60+"h_l!C&" -> #VALUE! | HE10: ='SurveyRpt_20150223 (1)'!F60+"h_l!C'" -> #VALUE! | HF10: ='SurveyRpt_20150223 (1)'!G60+"h_l!C(" -> #VALUE! | HG10: ='SurveyRpt_20150223 (1)'!H60+"h_l!C)" -> #VALUE! | HH10: ='SurveyRpt_20150223 (1)'!I60+"h_l!C." -> #VALUE! | HI10: ='SurveyRpt_20150223 (1)'!J60+"h_l!C/" -> #VALUE! | HJ10: ='SurveyRpt_20150223 (1)'!K60+"h_l!C0" -> #VALUE! | HK10: ='SurveyRpt_20150223 (1)'!L60+"h_l!C1" -> #VALUE! | HL10: ='SurveyRpt_20150223 (1)'!M60+"h_l!C2" -> #VALUE! | HM10: ='SurveyRpt_20150223 (1)'!N60+"h_l!C3" -> #VALUE! | HN10: ='SurveyRpt_20150223 (1)'!O60+"h_l!C4" -> #VALUE! | HO10: ='SurveyRpt_20150223 (1)'!P60+"h_l!C5" -> #VALUE! | HP10: ='SurveyRpt_20150223 (1)'!Q60+"h_l!C6" -> #VALUE! | HQ10: ='SurveyRpt_20150223 (1)'!R60+"h_l!C7" -> #VALUE! | HR10: ='SurveyRpt_20150223 (1)'!S60+"h_l!C8" -> #VALUE! | HS10: ='SurveyRpt_20150223 (1)'!T60+"h_l!C9" -> #VALUE! | HT10: ='SurveyRpt_20150223 (1)'!U60+"h_l!C:" -> #VALUE! | HU10: ='SurveyRpt_20150223 (1)'!V60+"h_l!C;" -> #VALUE! | HV10: ='SurveyRpt_20150223 (1)'!W60+"h_l!C<" -> #VALUE! | HW10: ='SurveyRpt_20150223 (1)'!X60+"h_l!C=" -> #VALUE! | HX10: ='SurveyRpt_20150223 (1)'!Y60+"h_l!C>" -> #VALUE! | HY10: ='SurveyRpt_20150223 (1)'!Z60+"h_l!C?" -> #VALUE! | HZ10: ='SurveyRpt_20150223 (1)'!AA60+"h_l!C@" -> #VALUE! | IA10: ='SurveyRpt_20150223 (1)'!AB60+"h_l!CA" -> #VALUE! | IB10: ='SurveyRpt_20150223 (1)'!AC60+"h_l!CB" -> #VALUE! | IC10: ='SurveyRpt_20150223 (1)'!AD60+"h_l!CC" -> #VALUE! | ID10: ='SurveyRpt_20150223 (1)'!AE60+"h_l!CD" -> #VALUE! | IE10: ='SurveyRpt_20150223 (1)'!AF60+"h_l!CE" -> #VALUE! | IF10: ='SurveyRpt_20150223 (1)'!AG60+"h_l!CF" -> #VALUE! | IG10: ='SurveyRpt_20150223 (1)'!AH60+"h_l!CG" -> #VALUE! | IH10: ='SurveyRpt_20150223 (1)'!AI60+"h_l!CH" -> #VALUE! | II10: ='SurveyRpt_20150223 (1)'!AJ60+"h_l!CI" -> #VALUE! | IJ10: ='SurveyRpt_20150223 (1)'!AK60+"h_l!CJ" -> #VALUE! | IK10: ='SurveyRpt_20150223 (1)'!AL60+"h_l!CK" -> #VALUE! | IL10: ='SurveyRpt_20150223 (1)'!AM60+"h_l!CL" -> #VALUE! | IM10: ='SurveyRpt_20150223 (1)'!AN60+"h_l!CM" -> #VALUE! | IN10: ='SurveyRpt_20150223 (1)'!A61+"h_l!CN" -> #VALUE! | IO10: ='SurveyRpt_20150223 (1)'!B61+"h_l!CO" -> #VALUE! | IP10: ='SurveyRpt_20150223 (1)'!C61+"h_l!CP" -> #VALUE! | IQ10: ='SurveyRpt_20150223 (1)'!D61+"h_l!CQ" -> #VALUE! | IR10: ='SurveyRpt_20150223 (1)'!E61+"h_l!CR" -> #VALUE! | IS10: ='SurveyRpt_20150223 (1)'!F61+"h_l!CS" -> #VALUE! | IT10: ='SurveyRpt_20150223 (1)'!G61+"h_l!CT" -> #VALUE! | IU10: ='SurveyRpt_20150223 (1)'!H61+"h_l!CU" -> #VALUE! | IV10: ='SurveyRpt_20150223 (1)'!I61+"h_l!CV" -> #VALUE!
